citric acid,total sulfur dioxide,density,sulphates,alcohol,Id,quality
0.0,34.0,0.9978,0.56,9.4,0.0,5
0.0,67.0,0.9968,0.68,9.8,1.0,5
0.04,54.0,0.997,0.65,9.8,2.0,5
0.56,60.0,0.998,0.58,9.8,3.0,6
0.0,34.0,0.9978,0.56,9.4,4.0,5
0.0,40.0,0.9978,0.56,9.4,5.0,5
0.06,59.0,0.9964,0.46,9.4,6.0,5
0.0,21.0,0.9946,0.47,10.0,7.0,7
0.02,18.0,0.9968,0.57,9.5,8.0,7
0.08,65.0,0.9959,0.54,9.2,10.0,5
0.0,59.0,0.9943,0.52,9.9,12.0,5
0.29,29.0,0.9974,1.56,9.1,13.0,5
0.56,103.0,0.9969,0.75,10.5,16.0,7
0.51,56.0,0.9969,1.08,9.2,19.0,6
0.31,71.0,0.9982,0.65,9.7,21.0,5
0.21,37.0,0.9966,0.91,9.5,22.0,5
0.11,67.0,0.9968,0.53,9.4,23.0,5
0.14,40.0,0.9968,0.63,9.7,24.0,6
0.16,23.0,0.9955,0.56,9.3,25.0,5
0.24,11.0,0.9962,0.59,9.5,26.0,5
0.0,35.0,0.9972,0.55,9.4,28.0,5
0.0,16.0,0.9964,0.59,9.8,29.0,6
0.07,82.0,0.9958,0.54,10.1,30.0,5
0.12,113.0,0.9966,0.66,9.8,32.0,5
0.25,50.0,0.9957,0.55,9.2,34.0,5
0.0,18.0,0.9986,0.55,9.6,35.0,6
0.14,15.0,0.9975,0.6,10.8,36.0,6
0.28,30.0,0.9968,0.73,9.7,37.0,7
0.36,87.0,0.9978,0.83,10.5,40.0,5
0.3,46.0,0.9976,0.51,9.3,41.0,4
0.2,14.0,0.9968,0.9,10.5,42.0,6
0.22,23.0,0.9968,1.2,10.3,43.0,5
0.15,65.0,0.9934,0.56,13.1,45.0,4
0.43,114.0,0.997,0.73,9.2,46.0,5
0.26,23.0,0.9971,0.74,9.2,50.0,5
0.04,15.0,0.9956,0.63,9.4,51.0,6
0.04,14.0,0.9955,0.64,9.4,52.0,6
0.36,119.0,0.997,0.56,9.4,53.0,5
0.15,73.0,0.9955,0.63,10.2,54.0,6
0.57,10.0,0.9971,0.63,9.6,56.0,5
0.18,54.0,0.9975,0.59,10.0,58.0,5
0.31,46.0,0.9962,0.54,9.4,59.0,6
0.4,52.0,0.998,0.64,9.2,60.0,5
0.49,112.0,0.9968,0.71,9.3,61.0,5
0.05,54.0,0.9966,0.57,9.8,63.0,5
0.05,11.0,0.9962,0.39,10.9,64.0,5
0.05,11.0,0.9962,0.39,10.9,65.0,5
0.07,15.0,0.9962,0.58,10.7,67.0,5
0.05,19.0,0.9962,0.95,10.5,69.0,6
0.22,94.0,0.9961,0.48,9.5,72.0,5
0.26,43.0,0.9976,0.53,9.2,73.0,4
0.64,42.0,0.9986,0.66,10.5,76.0,5
0.0,30.0,0.9966,0.55,10.7,77.0,6
0.12,80.0,0.9958,0.52,10.1,78.0,5
0.2,119.0,0.9972,1.12,9.1,79.0,4
0.2,15.0,0.9958,0.56,9.2,80.0,5
0.47,73.0,0.997,0.57,9.1,82.0,5
0.48,61.0,0.9959,0.78,10.3,84.0,6
0.15,40.0,0.9961,0.59,10.1,85.0,5
0.28,136.0,0.9972,1.95,9.9,86.0,6
0.26,31.0,0.9966,0.64,9.6,87.0,5
0.44,125.0,0.9978,1.22,9.5,88.0,5
0.08,24.0,0.9978,0.53,9.0,89.0,5
0.26,140.0,0.9964,0.54,9.5,90.0,5
0.28,136.0,0.9972,1.95,9.9,91.0,6
0.26,31.0,0.9966,0.64,9.6,93.0,5
0.04,85.0,0.9938,0.48,10.5,94.0,4
0.0,23.0,0.9965,0.56,10.7,96.0,5
0.06,10.0,0.9967,0.56,9.8,98.0,5
0.18,35.0,0.9972,0.59,9.0,99.0,6
0.3,50.0,0.9972,0.61,10.2,100.0,6
0.18,35.0,0.9972,0.59,9.0,102.0,6
0.22,65.0,0.9967,0.51,9.2,103.0,5
0.24,36.0,0.996,0.48,9.4,104.0,5
0.22,65.0,0.9967,0.51,9.2,105.0,5
0.68,69.0,0.9973,1.31,9.3,106.0,5
0.31,64.0,0.9969,0.79,9.3,107.0,5
0.19,47.0,0.9964,0.93,9.5,110.0,5
0.09,108.0,0.9964,0.66,9.8,111.0,5
0.44,46.0,0.9988,0.67,9.7,113.0,6
0.19,47.0,0.9964,0.93,9.5,114.0,5
0.31,62.0,0.9966,0.63,10.5,115.0,6
0.28,40.0,0.9978,0.61,10.0,116.0,6
0.09,89.0,0.9962,0.57,9.0,120.0,5
0.04,56.0,0.9962,0.6,10.9,121.0,6
0.0,13.0,0.998,0.52,9.2,122.0,5
0.17,102.0,0.996,0.48,9.5,124.0,5
0.0,12.0,0.9964,0.49,10.9,126.0,5
0.0,12.0,0.9964,0.48,10.9,127.0,5
0.16,16.0,0.9962,0.92,10.5,128.0,7
0.56,134.0,0.9968,0.66,9.4,130.0,5
0.09,99.0,0.9937,0.63,13.0,131.0,5
0.05,29.0,0.9959,0.55,9.9,134.0,6
0.11,63.0,0.9965,0.82,9.6,135.0,5
0.36,45.0,0.9972,0.64,9.2,137.0,5
0.11,63.0,0.9965,0.82,9.6,140.0,5
0.0,63.0,0.9916,0.79,14.0,142.0,6
0.08,20.0,0.9954,0.58,9.4,143.0,5
0.0,63.0,0.9916,0.79,14.0,144.0,6
0.55,141.0,0.9968,0.62,9.4,145.0,5
0.02,94.0,0.9944,0.52,10.0,146.0,5
0.1,30.0,0.9959,0.58,10.2,148.0,6
0.47,11.0,0.9958,0.53,10.3,150.0,6
1.0,69.0,0.9996,2.0,9.4,151.0,4
0.03,99.0,0.995,0.54,10.1,152.0,5
0.03,99.0,0.995,0.54,10.1,153.0,5
0.42,128.0,0.9973,0.71,10.5,155.0,5
0.42,129.0,0.9973,0.72,10.5,156.0,5
0.42,128.0,0.9973,0.71,10.5,157.0,5
0.0,22.0,0.9969,0.5,9.3,158.0,5
0.18,86.0,0.9968,0.57,9.3,159.0,6
0.03,20.0,0.9959,0.56,9.6,160.0,5
0.02,20.0,0.9965,1.08,9.2,161.0,4
0.04,31.0,0.9964,0.56,10.0,162.0,6
0.26,121.0,0.9982,0.49,9.4,163.0,5
0.26,121.0,0.9981,0.49,9.4,164.0,5
0.48,96.0,0.9961,0.62,9.5,165.0,5
0.1,101.0,0.9956,0.52,10.2,166.0,5
0.03,42.0,0.9956,0.48,9.0,167.0,4
0.07,44.0,0.9953,0.55,10.4,168.0,6
0.03,8.0,0.9972,0.33,9.1,170.0,4
0.17,18.0,0.9972,0.61,9.2,172.0,6
0.05,42.0,0.9961,0.57,11.5,173.0,6
0.04,49.0,0.9958,0.78,9.5,175.0,5
0.21,35.0,0.9961,0.47,9.5,176.0,5
0.42,38.0,0.9972,0.61,10.5,177.0,6
0.0,20.0,0.9969,0.56,9.6,178.0,5
0.14,42.0,0.9969,0.59,9.5,179.0,5
0.14,42.0,0.9969,0.59,9.5,180.0,5
0.49,110.0,0.9972,1.02,9.3,181.0,5
0.02,42.0,0.9972,0.52,9.3,182.0,5
0.2,65.0,0.9971,0.58,9.3,183.0,5
0.21,62.0,0.997,0.58,9.3,184.0,6
0.57,85.0,0.9971,0.53,9.7,185.0,5
0.48,67.0,0.9972,0.55,9.2,186.0,5
0.33,143.0,0.9968,0.55,9.5,188.0,5
0.35,127.0,0.9976,0.62,9.4,190.0,5
0.25,49.0,0.9974,0.62,9.8,191.0,6
0.21,28.0,0.9964,0.55,9.7,193.0,5
0.21,28.0,0.9964,0.55,9.7,194.0,5
0.3,55.0,0.9968,0.59,10.2,196.0,5
0.6,27.0,0.9981,0.97,10.1,197.0,6
0.06,31.0,0.9948,0.43,11.4,199.0,4
0.47,24.0,0.99695,0.82,10.3,200.0,7
0.36,37.0,0.99615,0.56,9.2,204.0,6
0.74,28.0,0.9994,0.77,10.8,205.0,7
0.74,28.0,0.9994,0.77,10.8,206.0,7
0.28,95.0,0.9966,0.67,9.4,208.0,5
0.6,19.0,0.99585,0.86,12.4,210.0,6
0.24,62.0,0.99685,0.56,10.0,211.0,6
0.26,65.0,0.9959,0.43,10.1,213.0,5
0.08,41.0,0.9974,0.71,9.8,214.0,6
0.49,121.0,0.9974,0.76,10.5,215.0,5
0.16,49.0,0.9962,0.57,11.0,216.0,5
0.22,41.0,0.9967,0.55,9.1,217.0,5
0.19,44.0,0.9957,0.54,9.7,218.0,5
0.37,58.0,0.9964,0.59,9.4,220.0,6
0.26,72.0,0.9957,0.57,9.4,221.0,5
0.04,10.0,0.99525,0.6,9.5,222.0,5
0.25,28.0,0.99815,0.6,10.0,223.0,6
0.25,63.0,0.99615,0.58,10.5,225.0,6
0.5,81.0,0.9964,1.61,9.5,226.0,6
0.04,106.0,0.9927,0.62,12.2,230.0,7
0.06,49.0,0.99625,0.52,9.9,231.0,6
0.2,58.0,0.998,0.7,9.6,232.0,6
0.09,37.0,0.99685,0.55,9.0,234.0,6
0.0,38.0,0.99675,0.58,9.0,235.0,6
0.37,62.0,0.9971,1.09,9.3,240.0,5
0.56,24.0,0.99925,0.71,10.9,241.0,6
0.1,109.0,0.99565,0.49,9.8,242.0,6
0.44,24.0,1.00005,0.84,9.2,243.0,7
0.44,24.0,1.00005,0.84,9.2,244.0,7
0.0,23.0,0.9983,0.96,9.9,245.0,6
0.07,51.0,0.99685,0.52,9.5,246.0,5
0.0,23.0,0.9983,0.96,9.9,249.0,6
0.44,37.0,0.9985,0.78,10.0,250.0,6
0.0,34.0,0.9972,0.7,9.9,251.0,6
0.48,21.0,0.9986,0.53,10.5,252.0,5
0.42,86.0,0.9959,0.59,9.5,253.0,5
0.23,119.0,0.99675,0.57,9.3,255.0,5
0.37,13.0,0.998,0.62,9.2,256.0,5
0.0,56.0,0.9968,0.67,9.2,257.0,5
0.76,45.0,0.9968,1.26,9.4,258.0,5
0.47,33.0,0.99965,0.8,10.5,259.0,7
0.23,45.0,0.99625,0.65,9.3,260.0,5
0.04,67.0,0.99565,0.6,9.4,261.0,4
0.03,35.0,0.99575,0.57,10.0,262.0,5
0.23,49.0,0.9963,0.67,9.3,263.0,5
0.49,27.0,0.9999,0.87,10.9,264.0,5
0.0,61.0,1.00025,0.72,9.8,266.0,4
0.46,37.0,0.9973,0.86,12.8,267.0,8
0.04,27.0,0.9987,0.91,9.4,268.0,6
0.51,23.0,0.9996,0.97,10.1,269.0,6
0.06,61.0,0.9965,0.67,10.7,270.0,6
0.06,61.0,0.9965,0.67,10.7,275.0,6
0.04,27.0,0.9987,0.91,9.4,276.0,6
0.51,23.0,0.9996,0.97,10.1,277.0,6
0.45,13.0,0.9976,0.82,12.6,278.0,8
0.32,47.0,0.9991,0.77,10.5,279.0,7
0.44,19.0,0.9986,0.82,9.3,280.0,6
0.68,10.0,0.9972,1.08,9.9,281.0,7
0.32,47.0,0.9991,0.77,10.5,283.0,7
0.07,71.0,1.00015,0.71,9.8,284.0,5
0.07,71.0,1.00015,0.71,9.8,285.0,5
0.55,49.0,0.9997,0.76,10.3,286.0,6
0.12,53.0,0.9967,0.7,10.3,287.0,6
0.09,49.0,0.9976,0.86,10.6,288.0,7
0.53,98.0,1.001,0.95,9.2,289.0,5
0.09,49.0,0.9976,0.86,10.6,290.0,7
0.23,48.0,0.9994,0.64,10.3,292.0,6
0.25,16.0,0.9964,0.6,10.1,293.0,6
0.52,53.0,1.0014,0.81,9.5,294.0,6
0.46,27.0,1.0001,0.64,9.5,295.0,5
0.37,70.0,0.9981,0.52,9.9,296.0,5
0.06,29.0,0.99855,0.73,9.6,297.0,5
0.02,31.0,0.9993,0.8,9.7,298.0,5
0.06,44.0,0.9965,0.59,10.7,300.0,6
0.48,15.0,0.9973,0.64,10.1,301.0,6
0.12,28.0,0.9994,0.72,10.0,302.0,5
0.6,90.0,0.9973,0.52,9.2,304.0,5
0.32,54.0,0.9966,0.52,9.4,306.0,5
0.42,14.0,0.9994,0.62,9.5,307.0,6
0.44,12.0,0.9994,0.63,9.5,308.0,6
0.24,105.0,0.996,0.54,9.4,311.0,6
0.31,98.0,0.99815,0.63,9.5,312.0,6
0.3,135.0,0.9976,0.53,9.4,313.0,5
0.29,72.0,0.99645,0.68,11.0,314.0,5
0.39,59.0,0.9989,0.71,11.5,318.0,7
0.12,74.0,0.99865,0.64,10.4,319.0,6
0.26,87.0,0.99975,0.62,9.7,321.0,5
0.2,50.0,1.0015,0.69,9.2,324.0,6
0.2,50.0,1.0015,0.69,9.2,325.0,6
0.66,14.0,0.9978,0.74,11.5,326.0,7
0.5,13.0,0.998,0.83,11.5,327.0,5
0.62,21.0,1.0002,0.67,9.7,328.0,6
0.08,44.0,0.9958,0.52,11.0,333.0,5
0.01,38.0,0.9963,0.74,11.7,334.0,7
0.53,21.0,0.9992,0.84,12.2,335.0,7
0.45,16.0,0.9948,0.7,12.5,336.0,6
0.32,58.0,0.9974,0.64,10.3,337.0,5
0.54,29.0,0.9997,1.36,9.8,339.0,7
0.47,14.0,0.9982,0.75,9.8,342.0,6
0.47,14.0,0.9982,0.75,9.8,343.0,6
0.5,32.0,1.0006,0.78,10.7,344.0,6
0.67,15.0,0.9986,0.93,12.0,347.0,6
0.31,46.0,0.9979,0.92,10.0,348.0,6
0.0,26.0,0.9994,0.83,9.4,351.0,6
0.0,19.0,0.9974,0.73,9.3,352.0,5
0.79,77.0,1.0018,0.77,13.0,353.0,5
0.4,165.0,0.9912,0.59,11.9,354.0,6
0.01,32.0,0.9955,0.61,12.8,355.0,6
0.52,55.0,1.0001,0.88,11.0,356.0,5
0.66,29.0,0.997,0.75,11.7,357.0,7
0.66,23.0,1.0,0.85,10.4,358.0,7
0.66,41.0,1.001,0.68,9.8,359.0,6
0.23,81.0,0.9973,0.7,9.4,360.0,5
0.31,50.0,0.9982,0.91,9.9,361.0,6
0.66,37.0,0.9992,0.56,10.0,362.0,5
0.63,15.0,0.9988,0.87,10.2,363.0,5
0.66,42.0,1.0022,0.73,10.0,364.0,7
0.66,42.0,1.0022,0.73,10.0,366.0,7
0.61,24.0,1.0,0.69,9.0,367.0,5
0.53,18.0,0.9962,1.13,12.0,369.0,7
0.4,25.0,0.9967,0.87,8.7,371.0,6
0.48,46.0,0.9967,1.04,10.6,372.0,6
0.5,47.0,1.0003,1.11,11.0,376.0,6
0.53,18.0,0.9962,1.13,12.0,377.0,7
0.66,24.0,0.9988,0.99,13.3,378.0,6
0.42,27.0,0.9974,0.8,9.4,380.0,6
0.28,54.0,0.998,0.74,9.2,384.0,5
0.26,53.0,0.9981,0.74,9.2,388.0,6
0.05,88.0,0.9924,0.82,12.9,390.0,8
0.68,43.0,1.0014,0.8,10.0,391.0,6
0.52,26.0,0.998,0.51,9.5,392.0,5
0.76,38.0,1.0004,0.6,13.0,395.0,7
0.02,124.0,0.9994,0.53,9.9,396.0,5
0.59,49.0,0.9988,0.65,11.0,397.0,6
0.22,42.0,0.9963,0.55,9.4,399.0,5
0.02,124.0,0.9994,0.53,9.9,400.0,5
0.54,64.0,1.0,0.61,10.5,402.0,6
0.49,41.0,0.9994,0.63,10.5,403.0,6
0.05,27.0,0.9974,0.61,9.1,404.0,5
0.47,28.0,0.9981,0.65,10.8,406.0,6
0.66,30.0,0.9996,0.63,10.8,407.0,7
0.49,49.0,0.9981,0.57,9.6,409.0,4
0.34,86.0,0.9987,0.62,9.5,410.0,6
0.16,77.0,0.9966,0.64,9.3,412.0,5
0.53,19.0,0.9986,0.82,11.7,413.0,7
0.34,122.0,0.9982,0.61,9.5,414.0,5
0.24,134.0,1.0014,1.07,9.3,415.0,5
0.64,20.0,0.997,0.66,11.7,416.0,6
0.12,124.0,0.9956,0.48,10.5,417.0,5
0.51,20.0,0.9996,0.76,10.4,418.0,6
0.0,52.0,0.9976,0.68,9.9,419.0,5
0.03,48.0,0.9952,0.56,12.3,421.0,7
0.2,60.0,0.9955,0.44,10.9,422.0,5
0.47,24.0,0.9978,0.9,11.0,423.0,7
0.03,48.0,0.9952,0.56,12.3,425.0,7
0.08,48.0,0.9949,0.49,11.4,426.0,6
0.22,32.0,0.9988,0.56,10.6,427.0,6
0.33,30.0,0.9978,0.6,9.3,428.0,5
0.63,35.0,0.9997,0.6,10.4,429.0,6
0.47,24.0,0.9978,0.9,11.0,430.0,7
0.35,66.0,0.9974,0.56,9.2,431.0,5
0.63,18.0,1.0004,0.49,9.5,433.0,5
0.55,54.0,0.9996,0.89,9.9,434.0,6
0.63,18.0,1.0004,0.49,9.5,435.0,5
0.3,62.0,0.9958,0.56,10.2,436.0,6
0.73,22.0,0.9986,0.66,11.2,437.0,6
0.18,50.0,0.9951,0.6,9.3,439.0,5
0.72,29.0,0.9987,0.82,9.8,440.0,8
0.76,43.0,1.0032,0.68,11.2,442.0,7
0.01,27.0,0.9934,0.84,12.5,444.0,7
0.6,72.0,0.9996,0.73,10.5,446.0,5
0.29,16.0,0.9968,0.72,11.2,447.0,5
0.22,27.0,0.9967,0.56,10.2,448.0,6
0.69,35.0,0.9994,0.61,10.8,449.0,6
0.69,35.0,0.9994,0.61,10.8,450.0,6
0.03,35.0,0.9968,0.63,10.0,452.0,6
0.63,22.0,0.9998,0.74,11.2,453.0,7
0.4,67.0,0.9952,0.63,11.1,454.0,5
0.67,19.0,0.9988,0.69,13.4,455.0,8
0.39,22.0,0.9986,0.58,10.3,456.0,5
0.21,65.0,0.9988,0.58,9.6,457.0,5
0.66,47.0,1.0008,0.57,9.0,459.0,3
0.52,23.0,0.9976,0.61,11.3,460.0,6
0.22,19.0,0.9982,0.61,9.3,461.0,5
0.54,15.0,0.9987,0.7,9.2,464.0,6
0.42,51.0,0.9982,0.72,11.5,466.0,6
0.45,18.0,0.9947,0.79,14.0,467.0,6
0.69,21.0,1.0,0.62,9.2,468.0,6
0.02,48.0,0.9952,0.58,9.8,469.0,5
0.65,47.0,0.9996,0.61,10.6,470.0,5
0.42,52.0,0.997,0.71,11.4,471.0,6
0.55,68.0,0.9995,0.82,10.4,472.0,6
0.24,28.0,0.9988,0.6,10.2,475.0,5
0.41,16.0,0.998,0.7,9.7,476.0,5
0.49,20.0,0.9977,1.06,11.0,477.0,6
0.11,31.0,0.9984,0.7,10.1,479.0,6
0.39,23.0,1.0026,0.66,9.2,480.0,5
0.56,17.0,0.9964,0.92,11.7,481.0,8
0.6,18.0,0.9986,1.06,9.4,483.0,5
0.39,17.0,0.9976,0.47,10.0,485.0,5
0.36,14.0,0.9982,0.42,10.0,487.0,6
0.4,26.0,0.9984,0.75,10.2,489.0,6
0.5,25.0,0.9952,0.79,13.3,491.0,7
0.51,27.0,0.995,0.9,13.4,492.0,7
0.31,81.0,1.0002,0.74,11.6,493.0,6
0.23,91.0,0.9952,0.55,12.1,494.0,6
0.53,16.0,0.9972,0.65,11.0,495.0,8
0.25,38.0,0.9984,0.65,9.0,496.0,6
0.32,113.0,0.9966,0.79,11.1,497.0,5
0.53,16.0,0.9972,0.65,11.0,498.0,8
0.31,81.0,1.0002,0.74,11.6,499.0,6
0.25,38.0,0.9984,0.65,9.0,500.0,6
0.73,76.0,0.999,0.85,12.0,501.0,7
0.73,76.0,0.999,0.85,12.0,502.0,7
0.42,22.0,0.9976,1.05,10.8,504.0,7
0.63,26.0,0.9968,0.78,12.5,505.0,7
0.46,21.0,0.9976,1.02,10.8,506.0,7
0.55,13.0,1.0,0.71,9.5,507.0,6
0.75,43.0,0.9986,0.68,11.4,509.0,7
0.31,62.0,0.9994,0.63,10.2,511.0,6
0.48,49.0,0.998,0.81,9.7,512.0,6
0.64,15.0,0.9973,0.66,11.8,513.0,7
0.64,15.0,0.9973,0.66,11.8,514.0,7
0.49,151.0,1.001,1.14,9.3,515.0,5
0.49,14.0,1.001,0.74,11.9,516.0,6
0.49,16.0,0.9994,0.63,8.4,517.0,3
0.49,33.0,0.9982,0.9,10.0,520.0,6
0.49,142.0,0.9978,0.55,9.4,523.0,5
0.49,116.0,0.9976,0.64,9.5,524.0,5
0.49,85.0,0.9962,0.77,11.4,527.0,6
0.24,33.0,0.9974,0.57,9.4,529.0,5
0.24,28.0,0.999,0.87,10.3,530.0,6
0.49,42.0,1.0004,0.61,10.3,531.0,5
0.49,42.0,1.0004,0.61,10.3,532.0,5
0.24,33.0,0.9956,0.66,12.8,533.0,6
0.24,32.0,1.0,0.56,10.0,534.0,6
0.24,28.0,0.999,0.87,10.3,535.0,6
0.24,33.0,0.9974,0.57,9.4,536.0,5
0.24,13.0,0.9972,0.77,10.7,537.0,6
0.49,35.0,1.0014,0.66,12.0,538.0,7
0.74,17.0,0.9996,0.62,11.2,539.0,5
0.24,47.0,0.9988,0.67,9.6,540.0,5
0.49,17.0,0.9988,0.73,11.0,541.0,6
0.24,20.0,0.9966,0.59,9.9,542.0,5
0.24,53.0,0.9993,0.72,11.0,543.0,6
0.74,15.0,1.0008,0.79,8.4,544.0,6
0.49,106.0,0.9982,0.59,9.1,545.0,5
0.24,28.0,0.9983,0.78,9.5,546.0,6
0.49,21.0,0.9987,0.86,10.7,547.0,6
0.49,69.0,0.9994,0.75,10.4,548.0,6
0.01,25.0,0.9958,0.56,9.5,550.0,6
0.24,45.0,0.998,0.73,10.0,551.0,6
0.24,44.0,0.998,0.74,10.0,552.0,6
0.24,96.0,0.9934,0.62,11.5,553.0,5
0.49,23.0,1.00315,0.74,11.1,554.0,5
0.49,17.0,1.0002,0.56,11.7,556.0,6
0.49,23.0,1.00315,0.74,11.1,557.0,5
0.49,47.0,1.0021,0.68,12.7,559.0,6
0.49,19.0,0.9994,0.57,11.4,560.0,5
0.49,110.0,0.9982,0.61,9.2,562.0,5
0.49,60.0,0.9971,0.61,10.1,563.0,6
0.49,47.0,1.0021,0.68,12.7,564.0,6
0.49,19.0,0.9994,0.57,11.4,565.0,5
0.24,15.0,0.9991,0.6,9.0,567.0,6
0.49,20.0,0.999,0.79,10.7,568.0,6
0.24,42.0,0.9946,0.57,11.7,569.0,6
0.49,37.0,1.0003,0.91,11.0,570.0,6
0.49,28.0,0.9978,0.61,10.4,572.0,5
0.24,14.0,0.9978,0.52,10.0,576.0,4
0.49,111.0,0.9982,0.6,9.5,577.0,5
0.49,110.0,0.9982,0.6,9.8,578.0,5
0.49,40.0,0.9976,0.51,9.8,579.0,6
0.49,14.0,1.0002,0.44,9.6,580.0,5
0.49,14.0,1.0002,0.44,9.6,581.0,5
0.49,21.0,0.9976,0.66,9.9,583.0,7
0.24,102.0,0.9967,0.59,9.3,587.0,5
0.24,50.0,0.9917,0.74,14.0,588.0,8
0.49,75.0,0.9987,0.57,9.7,590.0,5
0.49,149.0,0.9922,0.5,11.5,591.0,6
0.49,75.0,0.9987,0.57,9.7,592.0,5
0.58,43.0,1.0004,0.58,9.0,593.0,5
0.41,109.0,0.9998,0.57,9.3,595.0,5
0.51,24.0,0.9994,0.6,9.3,596.0,6
0.18,30.0,0.9967,0.48,9.8,598.0,6
0.0,14.0,0.9975,0.52,9.3,602.0,5
0.13,63.0,0.9984,0.62,9.1,604.0,6
0.41,52.0,0.9982,0.53,10.5,607.0,6
0.37,65.0,1.0026,0.64,10.4,608.0,6
0.19,39.0,0.9956,0.52,12.7,609.0,6
0.54,57.0,0.9983,0.54,9.2,610.0,5
0.55,16.0,1.0006,0.54,9.4,611.0,5
0.0,29.0,0.9965,0.6,10.0,612.0,6
0.5,71.0,0.9997,0.57,9.7,616.0,5
0.51,28.0,0.9982,0.93,9.8,617.0,6
0.41,16.0,0.9988,0.8,9.3,619.0,5
0.24,112.0,0.9976,0.61,9.4,620.0,5
0.23,104.0,0.9976,0.62,9.4,621.0,5
0.22,32.0,0.9974,0.55,9.5,622.0,5
0.0,58.0,0.9997,0.72,10.2,625.0,5
0.29,15.0,0.9988,0.49,9.1,626.0,5
0.29,15.0,0.9988,0.49,9.1,627.0,5
0.26,31.0,0.9976,0.6,9.3,628.0,6
0.23,84.0,0.9964,0.61,9.3,629.0,5
0.26,31.0,0.9976,0.6,9.3,630.0,6
0.54,19.0,0.9988,0.63,9.5,631.0,5
0.14,43.0,0.9964,0.57,10.5,632.0,6
0.22,86.0,1.001,0.64,11.3,633.0,4
0.21,102.0,0.9964,0.58,9.5,634.0,5
0.0,33.0,0.9954,0.55,9.7,635.0,5
0.28,147.0,0.9979,0.53,9.4,636.0,5
0.27,145.0,0.9978,0.53,9.4,637.0,5
0.35,57.0,0.997,1.36,10.3,639.0,6
0.45,40.0,0.9991,0.62,9.4,640.0,5
0.45,40.0,0.9991,0.62,9.4,642.0,5
0.45,40.0,0.9991,0.62,9.4,644.0,5
0.01,14.0,0.9967,0.58,11.0,647.0,4
0.3,28.0,0.9964,0.67,11.2,648.0,7
0.27,148.0,0.9948,0.57,11.3,649.0,6
0.39,32.0,0.9986,0.5,9.6,650.0,5
0.65,71.0,0.9976,0.84,14.9,652.0,5
0.59,30.0,0.9976,0.54,12.0,653.0,6
0.47,29.0,0.9979,0.46,9.5,654.0,5
0.17,53.0,1.0004,0.61,9.4,655.0,5
0.39,32.0,0.9986,0.5,9.6,656.0,5
0.59,42.0,0.998,0.68,10.5,657.0,7
0.07,20.0,0.9973,0.81,9.6,658.0,6
0.07,20.0,0.9973,0.81,9.6,660.0,6
0.31,42.0,0.9978,0.64,9.0,661.0,5
0.06,27.0,0.9972,0.7,9.6,662.0,6
0.14,48.0,0.9981,0.56,9.7,665.0,5
0.36,16.0,0.998,0.6,9.5,666.0,6
0.45,15.0,0.9988,0.66,9.2,667.0,6
0.45,15.0,0.9988,0.66,9.2,669.0,6
0.21,13.0,0.9968,0.52,9.5,671.0,5
0.21,13.0,0.9968,0.52,9.5,673.0,5
0.41,17.0,0.9984,0.67,9.3,676.0,6
0.11,31.0,0.9979,0.48,9.9,677.0,5
0.1,87.0,0.9983,0.53,10.0,678.0,5
0.45,49.0,0.9972,0.54,9.6,679.0,5
0.23,29.0,0.9962,0.49,10.2,681.0,6
0.31,58.0,0.998,0.54,9.8,682.0,5
0.23,15.0,0.997,0.56,11.3,683.0,5
0.32,152.0,0.998,0.48,9.4,684.0,5
0.23,15.0,0.997,0.56,11.3,685.0,5
0.04,9.0,0.9962,0.47,9.4,688.0,5
0.48,17.0,0.9976,1.05,9.4,689.0,5
0.24,93.0,0.9998,0.54,9.8,691.0,5
0.51,62.0,0.9979,1.17,9.0,692.0,5
0.32,122.0,0.9984,0.62,9.4,693.0,5
0.31,125.0,0.9984,0.61,9.4,694.0,5
0.02,44.0,0.9921,0.62,12.8,695.0,6
0.02,25.0,0.9972,0.67,9.5,697.0,6
0.28,72.0,1.0001,0.53,9.7,698.0,5
0.55,19.0,0.9986,0.62,10.8,699.0,6
0.43,88.0,0.9984,0.57,10.1,700.0,6
0.02,25.0,0.9972,0.67,9.5,701.0,6
0.02,23.0,0.997,0.67,9.4,702.0,6
0.48,84.0,0.9972,0.7,9.6,703.0,4
0.04,14.0,0.998,0.54,9.7,704.0,4
0.15,54.0,0.999,0.49,9.9,705.0,5
0.08,19.0,0.9956,0.47,10.0,706.0,5
0.19,37.0,0.9966,0.51,10.5,707.0,5
0.12,35.0,0.996,0.61,11.6,708.0,6
0.43,84.0,0.9985,0.57,10.1,710.0,5
0.34,112.0,0.9998,0.61,9.5,711.0,5
0.28,77.0,0.998,0.51,9.8,714.0,5
0.11,49.0,0.9968,0.57,10.0,717.0,5
0.04,22.0,0.9976,0.44,9.6,718.0,5
0.0,45.0,0.9976,0.54,9.5,719.0,5
0.04,22.0,0.9976,0.44,9.6,720.0,5
0.24,106.0,0.9982,0.53,9.2,721.0,5
0.3,127.0,0.9965,1.62,9.5,723.0,5
0.17,13.0,0.9976,0.55,10.4,725.0,5
0.09,49.0,0.9994,0.72,11.1,726.0,6
0.02,11.0,0.997,0.68,9.5,727.0,5
0.02,11.0,0.997,0.68,9.5,728.0,5
0.03,58.0,0.995,0.49,12.7,729.0,6
0.66,37.0,0.9982,0.67,9.6,730.0,5
0.13,14.0,0.9994,0.52,11.5,731.0,5
0.03,19.0,0.9966,0.47,9.6,732.0,5
0.34,72.0,0.998,0.6,9.5,733.0,5
0.2,39.0,0.9987,0.62,9.3,734.0,5
0.1,22.0,0.9963,0.5,9.5,736.0,5
0.0,58.0,1.0002,0.65,9.3,737.0,6
0.0,38.0,0.999,0.6,9.3,739.0,5
0.29,16.0,0.9965,0.68,11.5,740.0,6
0.24,139.0,0.99788,0.57,9.5,741.0,5
0.54,101.0,1.0001,0.51,9.5,744.0,5
0.18,28.0,0.99768,0.73,9.5,745.0,6
0.38,57.0,0.9978,0.47,9.0,746.0,6
0.18,31.0,0.99761,0.72,9.6,748.0,6
0.18,28.0,0.99768,0.73,9.5,749.0,6
0.1,40.0,0.99803,0.55,9.5,750.0,5
0.13,66.0,0.99785,0.61,9.4,752.0,5
0.1,40.0,0.99803,0.55,9.5,753.0,5
0.68,32.0,0.99656,1.06,9.1,754.0,6
0.07,47.0,0.99525,0.43,10.7,755.0,6
0.01,33.0,0.99488,0.46,11.2,756.0,6
0.0,31.0,0.99656,0.5,9.8,757.0,5
0.0,31.0,0.99656,0.5,9.8,758.0,5
0.21,88.0,0.99823,0.52,9.2,759.0,5
0.25,104.0,0.99779,0.57,9.7,760.0,5
0.26,35.0,0.99738,0.42,9.6,761.0,5
0.0,19.0,0.99701,0.53,10.0,762.0,6
0.11,44.0,0.99888,0.55,9.5,764.0,6
0.1,48.0,0.99888,0.54,9.5,765.0,6
0.18,74.0,0.99738,0.54,9.4,766.0,5
0.02,94.0,0.99744,0.53,9.7,768.0,6
0.01,32.0,0.99668,0.54,9.6,769.0,5
0.02,94.0,0.99744,0.53,9.7,770.0,6
0.26,143.0,0.9978,0.55,9.4,771.0,5
0.27,144.0,0.99782,0.55,9.4,772.0,5
0.29,44.0,0.9973,0.92,9.5,773.0,6
0.0,16.0,0.99586,0.46,10.0,775.0,5
0.17,18.0,0.9961,0.59,10.3,777.0,6
0.3,34.0,0.99788,0.61,10.5,778.0,5
0.03,92.0,0.99745,0.6,9.8,779.0,5
0.0,45.0,0.99676,0.6,9.4,780.0,6
0.14,37.0,0.99732,0.65,9.8,781.0,5
0.01,85.0,0.99746,0.59,9.8,784.0,5
0.41,61.0,0.9982,0.5,9.5,785.0,5
0.24,58.0,0.9991,0.56,10.1,787.0,6
0.24,58.0,0.9991,0.56,10.1,788.0,6
0.17,119.0,0.998,0.52,9.3,789.0,5
0.43,82.0,0.99708,0.68,9.7,790.0,6
0.17,130.0,0.99818,0.54,9.6,791.0,5
0.02,87.0,0.99745,0.6,9.7,792.0,6
0.0,13.0,0.99639,0.56,10.8,793.0,5
0.54,26.0,0.99531,0.53,12.5,794.0,6
0.3,60.0,0.99786,1.18,10.2,795.0,5
0.31,64.0,0.99746,0.74,9.6,796.0,5
0.44,42.0,0.99526,0.81,10.8,797.0,7
0.34,14.0,0.9987,0.52,10.7,799.0,6
0.09,17.0,0.99735,0.44,10.0,801.0,5
0.0,86.0,0.99264,0.94,12.9,802.0,7
0.08,46.0,0.9971,0.66,9.6,803.0,6
0.22,18.0,0.99682,0.57,9.9,804.0,6
0.39,10.0,0.99386,0.71,12.5,806.0,7
0.12,12.0,0.99702,0.86,9.2,808.0,5
0.31,15.0,0.99693,0.55,10.3,809.0,6
0.1,14.0,0.99562,0.47,10.5,810.0,5
0.55,24.0,1.00012,0.68,10.9,811.0,6
0.24,7.0,0.99462,0.58,11.4,813.0,4
0.54,41.0,0.99939,0.76,11.3,814.0,6
0.15,59.0,0.99976,0.54,9.6,819.0,5
0.0,22.0,0.99606,0.6,9.7,820.0,5
0.0,42.0,0.99154,0.74,14.0,821.0,7
0.13,36.0,0.9973,0.64,9.8,823.0,5
0.28,16.0,0.99682,0.53,10.3,824.0,5
0.34,8.0,0.9951,0.64,11.0,826.0,7
0.14,37.0,0.99624,0.49,10.7,827.0,5
0.07,9.0,0.99632,0.55,10.9,830.0,4
0.08,24.0,0.99376,0.77,11.1,831.0,6
0.44,51.0,0.99836,0.86,9.9,833.0,4
0.28,100.0,0.99064,0.39,11.7,836.0,7
0.28,100.0,0.99064,0.39,11.7,837.0,7
0.35,28.0,0.99672,0.83,11.2,838.0,7
0.0,31.0,0.99629,0.63,10.3,841.0,5
0.45,68.0,0.99708,0.72,10.9,842.0,6
0.35,92.0,0.9963,0.62,9.4,843.0,5
0.21,31.0,0.99689,0.66,9.8,846.0,5
0.16,39.0,0.9977,0.7,9.9,847.0,6
0.21,31.0,0.99689,0.66,9.8,848.0,5
0.44,22.0,0.99708,0.55,9.5,850.0,5
0.44,22.0,0.99708,0.55,9.5,851.0,5
0.39,55.0,0.99652,0.73,10.9,853.0,6
0.39,55.0,0.99652,0.73,10.9,854.0,6
0.39,55.0,0.99652,0.73,10.9,856.0,6
0.34,47.0,0.99594,0.78,11.3,857.0,7
0.47,32.0,0.99686,0.67,10.6,858.0,7
0.06,85.0,0.99746,0.54,9.5,860.0,5
0.32,25.0,0.99628,0.44,10.4,862.0,5
0.06,84.0,0.99746,0.53,9.7,863.0,5
0.07,86.0,0.99748,0.54,9.7,865.0,5
0.03,46.0,0.99522,0.57,10.6,871.0,5
0.24,48.0,0.99576,0.54,10.0,872.0,4
0.4,16.0,0.99614,0.79,11.8,875.0,7
0.01,43.0,0.99371,0.57,11.8,877.0,6
0.0,35.0,0.99533,0.65,11.4,881.0,6
0.29,26.0,0.99536,0.78,12.0,882.0,6
0.19,69.0,0.99787,0.5,10.0,884.0,6
0.14,30.0,0.99824,0.64,10.5,885.0,5
0.12,28.0,0.99836,0.65,10.4,886.0,6
0.0,64.0,0.99491,0.56,11.2,888.0,6
0.34,99.0,1.00289,0.68,9.3,889.0,5
0.03,86.0,0.99743,0.57,9.7,891.0,5
0.23,18.0,0.99774,0.65,9.3,892.0,6
0.03,86.0,0.99743,0.57,9.7,893.0,5
0.03,88.0,0.99745,0.58,9.8,894.0,6
0.01,43.0,0.9955,0.58,10.7,895.0,6
0.39,43.0,0.99444,0.77,12.5,896.0,7
0.01,43.0,0.9955,0.58,10.7,897.0,6
0.39,43.0,0.99444,0.77,12.5,898.0,7
0.36,39.0,0.99562,0.69,11.8,900.0,5
0.1,33.0,0.99736,0.69,10.8,901.0,7
0.1,33.0,0.99736,0.69,10.8,902.0,7
0.06,18.0,0.9962,0.59,10.8,904.0,7
0.27,78.0,0.9964,0.71,11.0,906.0,5
0.0,9.0,0.9948,0.54,11.5,907.0,6
0.13,61.0,0.99528,0.59,10.8,908.0,6
0.48,11.0,0.99577,0.57,13.2,910.0,6
0.46,9.0,0.99901,0.6,10.9,911.0,6
0.44,8.0,0.99674,0.62,12.2,912.0,6
0.4,6.0,0.99512,0.67,11.9,915.0,6
0.19,62.0,0.99395,0.61,11.0,916.0,5
0.31,45.0,0.99824,0.64,10.1,917.0,6
0.32,79.0,0.9964,0.72,11.0,918.0,6
0.12,46.0,0.99504,0.89,11.8,919.0,6
0.37,23.0,0.99786,0.56,10.5,920.0,5
0.12,46.0,0.99504,0.89,11.8,922.0,6
0.27,28.0,0.99516,0.8,11.2,924.0,5
0.36,77.0,0.99604,0.87,11.0,925.0,7
0.33,73.0,0.99786,0.9,10.2,926.0,6
0.19,75.0,0.99736,0.59,9.2,927.0,4
0.27,28.0,0.99516,0.8,11.2,928.0,5
0.38,19.0,0.99468,0.73,12.0,929.0,7
0.01,38.0,0.99748,0.65,9.8,931.0,5
0.29,66.0,0.9971,0.59,9.5,932.0,6
0.01,25.0,0.99746,0.73,10.5,934.0,5
0.38,72.0,0.99543,0.72,11.8,936.0,6
0.17,11.0,0.99425,0.54,11.4,939.0,5
0.49,17.0,0.99484,0.52,12.5,941.0,7
0.4,52.0,0.99834,0.64,10.0,942.0,7
0.49,24.0,0.99498,0.64,12.1,944.0,7
0.58,24.0,0.99745,0.99,12.0,946.0,7
0.48,12.0,0.99408,0.62,12.4,947.0,7
0.45,21.0,0.99552,0.76,11.9,949.0,7
0.45,21.0,0.99552,0.76,11.9,950.0,7
0.48,12.0,0.99408,0.62,12.4,951.0,7
0.4,10.0,0.99536,0.68,11.2,952.0,7
0.48,9.0,0.99458,0.69,12.1,953.0,7
0.52,23.0,0.99648,0.67,10.4,955.0,5
0.52,10.0,0.99568,0.62,11.3,956.0,6
0.12,36.0,0.99519,0.71,11.3,958.0,7
0.27,38.0,0.99518,0.85,11.1,960.0,6
0.14,18.0,0.99592,0.62,9.3,961.0,5
0.02,16.0,0.99654,0.69,9.5,962.0,5
0.27,38.0,0.99518,0.85,11.1,964.0,6
0.2,113.0,0.99733,0.48,9.2,967.0,5
0.43,46.0,0.9943,0.6,12.2,968.0,6
0.48,10.0,0.99724,0.87,10.9,971.0,6
0.41,13.0,0.99658,0.62,12.1,974.0,7
0.3,72.0,0.997,0.52,9.4,975.0,5
0.29,119.0,0.99801,0.5,9.1,977.0,5
0.32,29.0,0.99416,0.49,11.3,978.0,7
0.3,17.0,0.99774,0.71,10.5,980.0,6
0.26,28.0,0.99712,0.62,10.0,981.0,5
0.32,70.0,0.99418,0.82,12.9,982.0,6
0.3,17.0,0.99774,0.71,10.5,983.0,6
0.0,11.0,0.99562,0.58,11.3,985.0,6
0.3,70.0,0.99693,0.5,9.4,987.0,5
0.12,27.0,0.99596,0.49,9.4,988.0,5
0.4,21.0,0.99556,0.51,10.9,989.0,6
0.12,27.0,0.99596,0.49,9.4,990.0,5
0.28,68.0,0.99694,0.48,9.4,991.0,5
0.28,68.0,0.99694,0.48,9.4,993.0,5
0.06,41.0,0.99697,0.62,10.1,995.0,6
0.34,10.0,0.99554,0.48,9.1,998.0,6
0.0,12.0,0.99162,0.53,12.9,999.0,6
0.3,12.0,0.99495,0.72,11.5,1000.0,7
0.29,45.0,0.99603,0.54,10.3,1004.0,5
0.32,8.0,0.9928,0.55,12.8,1005.0,7
0.33,27.0,0.99516,0.84,11.7,1006.0,7
0.34,25.0,0.99516,0.84,11.7,1007.0,7
0.4,24.0,0.99549,0.7,12.0,1008.0,7
0.45,12.0,0.99354,0.55,12.3,1010.0,7
0.31,19.0,0.9957,0.55,10.4,1011.0,6
0.15,32.0,0.99604,0.48,10.0,1012.0,5
0.0,31.0,0.99635,0.58,10.0,1013.0,6
0.16,7.0,0.99454,0.58,11.2,1014.0,6
0.4,28.0,0.99486,0.75,12.6,1016.0,7
0.37,109.0,0.99007,0.44,12.7,1018.0,6
0.14,23.0,0.99636,0.61,10.4,1019.0,5
0.66,8.0,0.99642,0.53,11.9,1020.0,6
0.66,8.0,0.99642,0.53,11.9,1021.0,6
0.09,9.0,0.99584,0.54,10.5,1022.0,5
0.42,9.0,0.99506,0.55,12.3,1023.0,6
0.01,18.0,0.99568,0.56,10.5,1024.0,7
0.0,43.0,0.99822,0.6,10.4,1025.0,6
0.32,36.0,0.99364,0.56,12.6,1026.0,6
0.0,52.0,0.99378,0.52,11.6,1027.0,5
0.01,18.0,0.99568,0.56,10.5,1029.0,7
0.0,14.0,0.99854,0.53,9.6,1032.0,5
0.18,48.0,0.99739,0.47,9.7,1034.0,6
0.34,17.0,0.99683,0.65,10.6,1035.0,7
0.34,35.0,0.99356,0.59,12.5,1036.0,7
0.41,42.0,0.9953,0.77,12.6,1038.0,7
0.21,39.0,0.99692,0.83,11.1,1039.0,6
0.19,26.0,0.99547,0.64,9.8,1041.0,6
0.33,53.0,0.99294,0.62,12.2,1044.0,6
0.0,38.0,0.99438,0.58,11.4,1045.0,6
0.0,45.0,0.99612,0.62,10.7,1046.0,6
0.17,51.0,0.99634,0.64,10.4,1047.0,5
0.36,14.0,0.99702,0.78,10.9,1048.0,6
0.36,17.0,0.99704,0.77,10.8,1049.0,6
0.59,45.0,0.99702,1.34,9.2,1051.0,5
0.05,25.0,0.99258,0.55,12.9,1052.0,5
0.42,20.0,0.99426,0.77,12.7,1053.0,7
0.27,77.0,0.99747,0.62,9.1,1055.0,6
0.53,10.0,0.99586,0.59,12.1,1056.0,7
0.25,90.0,0.99784,0.57,9.1,1057.0,5
0.57,52.0,0.9971,0.76,11.6,1058.0,7
0.53,10.0,0.99586,0.59,12.1,1059.0,7
0.57,8.0,0.9981,0.7,9.9,1060.0,6
0.5,16.0,0.99462,0.69,12.5,1061.0,8
0.44,15.0,0.9956,0.64,11.4,1062.0,6
0.65,17.0,0.99565,0.63,11.8,1063.0,6
0.09,10.0,0.99418,0.57,11.8,1064.0,6
0.18,20.0,0.9963,0.6,10.2,1065.0,6
0.08,26.0,0.99358,0.72,12.5,1066.0,7
0.53,10.0,0.99572,0.83,10.9,1067.0,7
0.35,52.0,0.997,0.62,10.8,1069.0,5
0.45,37.0,0.99498,0.89,11.1,1070.0,7
0.2,92.0,0.99892,0.58,9.2,1071.0,5
0.33,37.0,0.9972,0.58,10.7,1073.0,6
0.56,8.0,0.99534,0.73,11.4,1076.0,6
0.65,8.0,0.99817,0.58,11.0,1078.0,5
0.68,278.0,0.99316,0.51,12.3,1079.0,7
0.68,289.0,0.99316,0.51,12.3,1081.0,7
0.3,70.0,0.99685,0.59,9.5,1082.0,6
0.45,59.0,0.99617,0.77,12.0,1083.0,6
0.08,64.0,0.99529,0.49,9.6,1085.0,5
0.4,9.0,0.99738,0.66,11.6,1086.0,7
0.42,30.0,0.994,0.69,11.2,1087.0,6
0.54,41.0,0.99735,0.76,9.9,1088.0,7
0.54,41.0,0.99735,0.76,9.9,1089.0,7
0.54,74.0,0.99451,0.63,11.8,1090.0,8
0.42,19.0,0.99546,0.6,11.4,1091.0,6
0.09,16.0,0.99479,0.59,11.5,1092.0,6
0.36,31.0,0.99615,0.86,12.0,1093.0,7
0.09,17.0,0.99655,0.49,10.8,1094.0,6
0.09,17.0,0.99655,0.49,10.8,1096.0,6
0.38,18.0,0.99666,0.52,9.4,1099.0,5
0.42,36.0,0.99392,0.78,12.4,1100.0,6
0.27,25.0,0.99388,0.63,12.0,1101.0,6
0.27,25.0,0.99388,0.63,12.0,1103.0,6
0.34,25.0,0.9936,0.66,12.4,1104.0,6
0.28,49.0,0.99374,0.6,12.8,1105.0,5
0.41,24.0,0.99523,0.85,11.7,1107.0,7
0.1,13.0,0.99855,0.49,9.5,1108.0,5
0.43,66.0,0.9982,0.76,10.8,1109.0,6
0.0,14.0,0.99593,0.64,10.0,1110.0,6
0.27,55.0,0.99471,0.64,12.3,1111.0,7
0.41,35.0,0.99396,0.71,11.0,1112.0,6
0.5,80.0,0.9902,0.66,13.6,1114.0,6
0.07,21.0,0.99572,0.6,11.3,1115.0,6
0.07,21.0,0.99572,0.6,11.3,1116.0,6
0.07,21.0,0.99572,0.6,11.3,1117.0,6
0.12,24.0,0.99252,0.53,13.3,1118.0,6
0.0,15.0,0.99256,0.58,12.9,1119.0,5
0.34,17.0,0.99235,0.72,13.1,1120.0,8
0.0,33.0,0.9922,0.48,12.3,1122.0,6
0.35,27.0,0.99394,0.59,11.3,1125.0,7
0.0,52.0,0.99379,0.6,11.5,1127.0,6
0.33,89.0,0.9984,0.68,10.0,1128.0,5
0.0,10.0,0.9977,0.63,10.4,1130.0,6
0.34,38.0,0.9933,0.88,13.6,1132.0,7
0.07,18.0,0.99684,0.68,11.2,1133.0,7
0.35,15.0,0.99524,0.74,11.8,1134.0,7
0.43,50.0,0.9946,0.6,11.9,1135.0,6
0.45,13.0,0.99774,0.76,11.4,1136.0,6
0.15,94.0,0.99786,0.58,9.1,1138.0,5
0.24,86.0,0.99764,0.64,9.5,1139.0,6
0.3,79.0,0.9969,0.65,9.5,1140.0,6
0.32,71.0,0.99624,0.85,11.0,1141.0,6
0.11,12.0,0.99354,0.65,11.4,1142.0,6
0.3,20.0,0.99672,0.82,10.0,1143.0,6
0.23,70.0,0.99588,0.62,10.1,1144.0,5
0.43,51.0,0.99672,0.81,10.4,1145.0,6
0.12,21.0,0.996,0.87,9.8,1146.0,6
0.45,14.0,0.99702,0.49,11.8,1147.0,7
0.42,21.0,0.99526,0.66,11.6,1148.0,6
0.47,11.0,0.99585,0.52,12.0,1149.0,6
0.23,70.0,0.99352,0.65,12.5,1151.0,6
0.25,38.0,0.99616,0.53,9.8,1152.0,5
0.35,38.0,0.99622,0.66,11.1,1153.0,6
0.25,38.0,0.99616,0.53,9.8,1155.0,5
0.51,88.0,0.99524,0.76,11.8,1156.0,7
0.18,101.0,0.9924,0.87,12.9,1157.0,7
0.42,19.0,0.99434,0.71,11.8,1162.0,7
0.24,21.0,0.99692,0.67,10.0,1164.0,5
0.39,48.0,0.99528,0.88,12.4,1167.0,7
0.27,44.0,0.99384,0.56,12.0,1168.0,6
0.29,14.0,0.99502,0.62,11.5,1169.0,6
0.34,12.0,0.99667,0.67,10.5,1170.0,6
0.46,16.0,0.99649,0.74,12.3,1172.0,6
0.31,65.0,0.99716,0.62,9.5,1173.0,6
0.31,65.0,0.99716,0.62,9.5,1174.0,6
0.0,59.0,0.99541,0.7,11.5,1175.0,6
0.03,47.0,0.99572,0.5,11.2,1176.0,4
0.0,78.0,0.99346,0.73,11.4,1178.0,5
0.33,47.0,0.99599,0.81,11.0,1179.0,6
0.43,11.0,0.99478,0.46,11.4,1181.0,5
0.07,61.0,0.99572,0.6,9.3,1183.0,5
0.23,119.0,0.99538,0.7,10.9,1184.0,5
0.23,119.0,0.99538,0.7,10.9,1188.0,5
0.05,19.0,0.99616,0.44,9.6,1189.0,4
0.57,20.0,0.99652,0.57,12.5,1190.0,6
0.0,12.0,0.99551,0.51,10.8,1191.0,5
0.37,41.0,0.99439,0.8,12.4,1192.0,7
0.12,64.0,0.99588,0.59,9.5,1194.0,6
0.22,56.0,0.99633,0.6,9.5,1195.0,6
0.21,9.0,0.99458,0.54,9.8,1197.0,6
0.26,77.0,0.9951,0.79,10.9,1198.0,6
0.23,94.0,0.99686,0.58,9.5,1199.0,6
0.21,9.0,0.99458,0.54,9.8,1200.0,6
0.36,10.0,0.99419,0.54,11.2,1201.0,7
0.39,12.0,0.99516,0.69,11.7,1202.0,8
0.19,76.0,0.99878,0.55,9.4,1203.0,5
0.46,44.0,0.99534,0.85,11.0,1204.0,7
0.46,44.0,0.99534,0.85,11.0,1206.0,7
0.55,52.0,0.99752,0.94,10.0,1207.0,5
0.46,44.0,0.99534,0.85,11.0,1208.0,7
0.43,24.0,0.99428,0.87,11.2,1209.0,7
0.02,15.0,0.99498,0.62,10.4,1210.0,6
0.02,15.0,0.99498,0.62,10.4,1212.0,6
0.46,9.0,0.99628,0.48,10.4,1214.0,6
0.31,79.0,0.99677,0.69,9.5,1216.0,6
0.4,50.0,0.99478,0.83,10.9,1219.0,6
0.52,44.0,0.99734,0.77,11.5,1220.0,6
0.52,44.0,0.99734,0.77,11.5,1221.0,6
0.49,20.0,0.9992,0.82,10.3,1224.0,6
0.23,77.0,0.99922,0.51,9.4,1225.0,5
0.03,46.0,0.99592,0.47,9.2,1226.0,5
0.25,21.0,0.99769,0.72,9.6,1227.0,5
0.0,88.0,0.99157,0.73,13.6,1228.0,7
0.29,66.0,0.99718,0.64,9.5,1229.0,5
0.34,58.0,0.9947,0.78,11.8,1230.0,6
0.01,90.0,0.99621,0.62,10.8,1231.0,5
0.29,66.0,0.99718,0.64,9.5,1232.0,5
0.01,18.0,0.99242,0.4,12.8,1234.0,6
0.0,17.0,0.99659,0.64,9.4,1236.0,6
0.01,18.0,0.99242,0.4,12.8,1237.0,6
0.0,24.0,0.99798,0.46,9.6,1238.0,4
0.0,20.0,0.99488,0.56,11.8,1239.0,4
0.2,60.0,0.99494,0.4,9.3,1240.0,5
0.22,86.0,0.9983,0.62,9.5,1243.0,5
0.19,34.0,0.99655,0.68,10.5,1245.0,5
0.07,48.0,0.99502,0.48,10.0,1246.0,5
0.01,37.0,0.99514,0.61,10.9,1250.0,6
0.14,60.0,0.9963,0.59,9.8,1251.0,5
0.0,14.0,0.99627,0.58,9.8,1252.0,5
0.0,13.0,0.99569,0.58,9.5,1253.0,5
0.06,35.0,0.99628,0.69,10.9,1254.0,5
0.22,60.0,0.99499,0.42,9.2,1256.0,5
0.28,69.0,0.99633,0.7,11.0,1257.0,6
0.0,33.0,0.99538,0.63,11.3,1258.0,6
0.68,56.0,0.99632,1.15,9.3,1260.0,5
0.0,24.0,0.99437,0.55,11.2,1261.0,4
0.38,66.0,0.99726,0.58,9.8,1262.0,5
0.32,51.0,0.99456,0.72,11.8,1264.0,6
0.05,36.0,0.99564,0.6,10.3,1265.0,6
0.05,36.0,0.99564,0.6,10.3,1266.0,6
0.5,19.0,0.996,0.87,11.4,1267.0,6
0.31,51.0,0.99668,0.55,9.5,1268.0,6
0.01,60.0,0.99084,0.75,14.0,1270.0,6
0.2,64.0,0.9935,0.57,11.7,1271.0,6
0.0,44.0,0.99385,0.53,11.2,1272.0,5
0.2,44.0,0.99494,0.43,9.3,1273.0,5
0.13,36.0,0.9944,0.53,11.2,1274.0,6
0.22,81.0,0.99688,0.54,9.5,1275.0,6
0.4,10.0,0.99566,0.56,12.0,1276.0,4
0.0,10.0,0.99636,0.6,9.7,1277.0,6
0.22,81.0,0.99688,0.54,9.5,1278.0,6
0.39,9.0,0.9948,0.57,11.5,1279.0,7
0.2,54.0,0.9956,0.64,10.4,1280.0,6
0.2,54.0,0.9956,0.64,10.4,1281.0,6
0.0,22.0,0.99619,0.68,10.9,1282.0,6
0.28,69.0,0.99734,0.63,10.2,1283.0,6
0.19,36.0,0.99476,0.56,10.9,1284.0,5
0.5,47.0,0.99734,0.57,10.5,1285.0,5
0.3,110.0,0.99914,1.17,10.2,1288.0,5
0.3,110.0,0.99914,1.17,10.2,1289.0,5
0.0,12.0,0.99521,0.59,11.0,1290.0,5
0.1,60.0,0.99638,0.75,10.9,1291.0,6
0.13,28.0,0.99362,0.67,12.4,1292.0,6
0.0,77.5,0.99558,0.45,9.5,1296.0,5
0.14,29.0,0.99323,0.61,12.1,1297.0,6
0.0,18.0,0.99191,0.56,12.2,1298.0,6
0.0,9.0,0.99476,0.4,10.9,1299.0,3
0.0,28.0,0.99444,0.61,12.5,1300.0,6
0.07,57.0,0.99598,0.74,11.7,1301.0,6
0.32,15.0,0.99576,0.8,11.2,1302.0,6
0.21,68.0,0.9955,0.44,9.2,1304.0,5
0.26,88.0,0.99612,0.53,9.8,1305.0,5
0.32,91.0,0.9979,0.62,10.1,1306.0,5
0.1,63.0,0.996,0.61,9.2,1309.0,5
0.15,27.0,0.9929,0.59,12.8,1311.0,6
0.21,41.0,0.99532,0.47,10.5,1312.0,5
0.27,91.0,0.99616,0.58,9.8,1315.0,6
0.0,46.0,0.99258,0.59,12.5,1316.0,6
0.68,64.0,0.99652,1.33,9.1,1319.0,6
0.0,46.0,0.99258,0.59,12.5,1321.0,6
0.42,18.0,0.99392,0.55,11.4,1322.0,5
0.24,34.0,0.9948,0.6,10.6,1324.0,6
0.24,34.0,0.9948,0.6,10.6,1325.0,6
0.24,34.0,0.9948,0.6,10.6,1326.0,6
0.24,34.0,0.9948,0.6,10.6,1327.0,6
0.11,38.0,0.9955,0.52,9.3,1328.0,5
0.26,91.0,0.99616,0.56,9.8,1329.0,6
0.26,91.0,0.99616,0.56,9.8,1330.0,6
0.26,67.0,0.99668,0.46,9.2,1331.0,5
0.1,25.0,0.99581,0.43,9.7,1332.0,6
0.22,48.0,0.9976,0.51,9.6,1333.0,5
0.0,11.0,0.99608,0.52,10.0,1334.0,5
0.02,40.0,0.99387,0.66,12.6,1335.0,6
0.0,26.0,0.99448,0.45,9.5,1336.0,5
0.0,26.0,0.99448,0.45,9.5,1337.0,5
0.0,26.0,0.99448,0.45,9.5,1338.0,5
0.02,31.0,0.99538,0.54,10.5,1339.0,6
0.02,31.0,0.99538,0.54,10.5,1340.0,6
0.02,31.0,0.99538,0.54,10.5,1341.0,6
0.02,31.0,0.99538,0.54,10.5,1343.0,6
0.48,20.0,0.99852,0.53,11.0,1344.0,5
0.24,28.0,0.99613,0.53,10.2,1345.0,6
0.01,13.0,0.99472,0.56,11.4,1346.0,5
0.03,12.0,0.99587,0.39,9.5,1347.0,5
0.01,46.0,0.99332,0.51,11.8,1351.0,6
0.03,57.0,0.9969,0.46,10.3,1353.0,5
0.25,32.0,0.99464,0.44,10.1,1355.0,5
0.25,28.0,0.99464,0.44,10.1,1356.0,5
0.24,67.0,0.99648,0.59,11.1,1357.0,6
0.17,98.0,0.99736,0.5,9.5,1358.0,5
0.4,28.0,0.99704,0.65,10.03333333,1359.0,6
0.14,54.0,0.99724,0.54,10.1,1361.0,5
0.4,28.0,0.99704,0.65,10.03333333,1362.0,6
0.02,31.0,0.995,0.53,11.8,1364.0,6
0.08,45.0,0.99576,0.5,9.8,1366.0,5
0.3,105.0,0.99725,1.18,10.5,1367.0,6
0.32,74.0,0.99656,0.5,9.8,1368.0,6
0.51,66.0,0.99623,1.17,9.2,1370.0,5
0.56,14.0,0.99476,1.03,11.6,1371.0,6
0.51,66.0,0.99623,1.17,9.2,1372.0,5
0.2,31.0,0.9946,0.46,10.0,1376.0,5
0.15,28.0,0.99609,0.51,9.9,1378.0,6
0.02,35.0,0.99557,0.62,10.8,1379.0,6
0.02,35.0,0.99557,0.62,10.8,1380.0,6
0.22,105.0,0.99613,0.49,9.9,1382.0,5
0.22,105.0,0.99613,0.49,9.9,1383.0,5
0.15,84.0,0.99593,0.5,9.5,1384.0,5
0.25,85.0,0.99668,0.42,9.2,1385.0,5
0.07,23.0,0.9961,0.58,9.6,1386.0,5
0.31,49.0,0.99718,0.68,10.3,1388.0,5
0.0,33.0,0.99292,0.59,12.5,1390.0,6
0.22,33.0,0.99612,0.58,11.0,1391.0,5
0.06,12.0,0.9942,0.48,9.8,1392.0,5
0.25,59.0,0.99612,0.48,10.2,1393.0,5
0.1,12.0,0.99745,0.65,9.55,1395.0,6
0.1,11.0,0.99745,0.65,9.55,1396.0,5
0.26,104.0,0.99584,0.52,9.9,1397.0,5
0.0,24.0,0.9956,0.72,11.1,1399.0,6
0.21,141.0,0.9962,0.51,9.9,1400.0,5
0.42,24.0,0.9963,0.82,11.9,1402.0,6
0.33,13.0,0.996,1.1,10.0,1403.0,8
0.39,46.0,0.9985,0.62,10.7,1404.0,6
0.34,22.0,0.9974,0.94,10.9,1406.0,6
0.0,54.0,0.995,0.93,10.7,1407.0,6
0.36,53.0,0.995,1.01,12.4,1408.0,7
0.0,54.0,0.995,0.93,10.7,1409.0,6
0.0,16.0,0.9936,0.44,11.9,1410.0,6
0.4,19.0,0.9963,0.73,10.6,1411.0,6
0.34,22.0,0.9974,0.94,10.9,1412.0,6
0.25,89.0,0.9963,0.9,10.1,1413.0,5
0.59,15.0,0.9994,0.78,9.6,1414.0,5
0.0,18.0,0.9966,0.84,9.4,1415.0,5
0.59,15.0,0.9994,0.78,9.6,1416.0,5
0.33,37.0,0.9952,0.77,12.1,1417.0,7
0.01,19.0,0.995,0.46,9.8,1418.0,5
0.21,133.0,0.9956,0.45,9.9,1419.0,5
0.01,19.0,0.995,0.46,9.8,1420.0,5
0.18,58.0,0.9965,0.58,9.4,1421.0,5
0.0,55.0,0.9956,0.84,11.4,1422.0,6
0.09,31.0,0.9968,0.67,11.0,1423.0,4
0.33,23.0,0.9957,0.58,11.2,1427.0,5
0.0,55.0,0.9962,0.63,11.0,1428.0,5
0.4,67.0,0.996,0.93,11.3,1429.0,5
0.24,47.0,0.9956,0.62,10.4,1430.0,5
0.31,74.0,0.9958,0.54,9.9,1431.0,6
0.16,25.0,0.9955,0.74,10.1,1433.0,7
0.37,95.0,1.00369,0.77,9.0,1434.0,6
0.38,90.0,0.99914,0.65,8.5,1436.0,5
0.29,39.0,0.99577,0.54,11.1,1437.0,5
0.0,8.0,0.996,0.47,10.3,1438.0,5
0.02,92.0,0.99566,0.68,11.06666667,1439.0,6
0.2,22.0,0.99322,0.49,11.7,1443.0,5
0.19,98.0,0.99713,0.52,9.6,1445.0,6
0.0,39.0,0.99701,0.74,9.7,1447.0,5
0.31,29.0,0.99472,0.76,11.3,1449.0,8
0.32,28.0,0.9947,0.73,11.3,1450.0,7
0.44,17.0,0.99732,0.78,11.0,1451.0,7
0.02,53.0,0.99374,0.76,11.6,1452.0,7
0.63,23.0,0.99974,0.69,10.9,1454.0,6
0.0,17.0,0.99467,0.63,10.9,1455.0,6
0.33,85.0,0.99706,0.58,9.0,1457.0,5
0.4,20.0,0.99603,0.6,10.5,1458.0,5
0.35,15.0,0.99458,0.8,11.9,1459.0,7
0.09,64.0,0.99724,0.68,10.4,1460.0,6
0.0,13.0,0.99664,0.61,10.0,1461.0,4
0.01,39.0,0.99522,0.53,10.8,1463.0,6
0.1,53.0,0.9958,0.67,9.7,1464.0,5
0.32,54.0,0.99728,0.65,10.0,1466.0,7
0.08,32.0,0.99648,0.57,11.0,1467.0,4
0.32,54.0,0.99728,0.65,10.0,1468.0,7
0.05,49.0,0.99705,0.55,9.7,1469.0,3
0.11,24.0,0.99578,0.47,9.7,1470.0,5
0.08,16.0,0.99334,0.52,12.6,1471.0,5
0.6,44.0,0.99656,0.79,11.1,1472.0,6
0.08,45.0,0.99336,0.54,11.0,1473.0,5
0.5,82.0,1.00242,0.75,8.8,1474.0,5
0.11,89.0,0.99182,0.88,13.56666667,1475.0,7
0.5,82.0,1.00242,0.75,8.8,1476.0,5
0.11,89.0,0.99182,0.88,13.6,1477.0,7
0.05,14.0,0.99808,0.52,10.2,1478.0,3
0.6,22.0,0.99828,0.68,10.6,1479.0,5
0.03,13.0,0.99498,0.62,10.1,1480.0,4
0.6,22.0,0.99828,0.68,10.6,1481.0,5
0.44,12.0,0.99542,0.61,10.7,1483.0,5
0.16,25.0,0.99606,0.55,9.7,1485.0,5
0.21,23.0,0.99546,0.6,10.3,1486.0,5
0.05,17.0,0.99496,0.78,10.6,1487.0,5
0.04,13.0,0.9942,0.58,11.4,1488.0,5
0.49,18.0,0.99344,0.56,12.4,1490.0,6
0.06,18.0,0.99348,0.54,11.95,1492.0,5
0.26,147.0,0.99636,0.59,9.7,1493.0,5
0.09,28.0,0.99459,0.7,10.0,1494.0,7
0.02,28.0,0.99492,0.81,10.6,1495.0,6
0.03,16.0,0.99508,0.63,11.5,1497.0,6
0.03,16.0,0.99508,0.63,11.5,1499.0,6
0.29,64.0,0.99642,0.53,9.4,1501.0,5
0.39,14.0,0.99555,0.69,11.0,1503.0,6
0.57,12.0,0.99605,0.55,11.4,1504.0,6
0.02,12.0,0.996,0.63,9.95,1505.0,3
0.05,14.0,0.99562,0.66,10.8,1506.0,6
0.57,12.0,0.99605,0.55,11.4,1507.0,6
0.6,25.0,0.99814,0.72,10.6,1508.0,6
0.4,20.0,0.9941,0.7,11.1,1509.0,5
0.21,48.0,0.99661,0.77,9.7,1510.0,6
0.04,27.0,0.99712,0.67,9.8,1511.0,5
0.21,65.0,0.99842,0.72,9.233333333,1514.0,6
0.21,65.0,0.99842,0.72,9.25,1515.0,6
0.06,44.0,0.99489,0.83,10.3,1517.0,6
0.46,20.0,0.99647,0.63,10.5,1518.0,5
0.08,27.0,0.99665,0.58,10.2,1519.0,5
0.25,58.0,0.99633,0.97,10.6,1522.0,5
0.25,61.0,0.9953,0.6,10.4,1523.0,5
0.08,34.0,0.99552,0.64,9.7,1525.0,5
0.08,38.0,0.99553,0.65,9.6,1526.0,6
0.49,59.0,0.99714,0.67,10.1,1528.0,6
0.08,52.0,0.99608,0.6,10.2,1529.0,6
0.09,18.0,0.99444,0.69,11.3,1530.0,6
0.1,28.0,0.99631,0.66,10.2,1531.0,5
0.13,22.0,0.99573,0.68,9.9,1532.0,6
0.3,84.0,0.99717,0.61,9.0,1533.0,5
0.14,29.0,0.99397,0.62,11.7,1534.0,7
0.13,35.0,0.9959,0.59,9.7,1535.0,6
0.09,26.0,0.99538,0.63,12.0,1538.0,5
0.08,32.0,0.99646,0.63,11.6,1540.0,6
0.43,19.0,0.9955,0.81,11.2,1544.0,7
0.33,28.0,0.99531,0.64,10.1,1545.0,6
0.02,26.0,0.99575,0.61,10.2,1546.0,5
0.5,50.0,0.99783,0.58,10.4,1548.0,5
0.3,24.0,0.99419,0.7,11.4,1549.0,8
0.0,27.0,0.99768,0.54,9.4,1551.0,5
0.01,54.0,0.99586,0.66,11.3,1552.0,6
0.0,28.0,0.99765,0.6,9.4,1553.0,5
0.17,24.0,0.99514,0.68,10.55,1555.0,7
0.04,20.0,0.99636,0.56,9.9,1556.0,5
0.02,23.0,0.99627,0.6,11.0,1557.0,6
0.33,115.0,0.99787,0.56,9.5,1558.0,5
0.26,131.0,0.99622,0.52,9.9,1559.0,5
0.26,131.0,0.99622,0.52,9.9,1560.0,5
0.26,131.0,0.99622,0.52,9.9,1561.0,5
0.13,20.0,0.99546,0.54,10.1,1562.0,5
0.13,20.0,0.99546,0.54,10.1,1563.0,5
0.02,42.0,0.99489,0.82,10.9,1565.0,6
0.64,52.0,0.99494,0.71,11.2,1566.0,6
0.13,20.0,0.99546,0.54,10.1,1567.0,5
0.13,42.0,0.99629,0.59,9.2,1568.0,5
0.14,34.0,0.99396,0.57,11.5,1569.0,6
0.53,35.0,0.9934,0.93,12.4,1570.0,6
0.14,25.0,0.99514,0.65,11.1,1571.0,6
0.32,104.0,0.99632,0.51,9.5,1572.0,5
0.2,50.0,0.99467,0.67,12.5,1573.0,6
0.4,20.0,0.99474,0.64,11.8,1575.0,6
0.63,29.0,0.99588,0.78,10.8,1576.0,6
0.15,27.0,0.99622,0.6,11.9,1577.0,6
0.15,20.0,0.9954,0.67,11.3,1578.0,6
0.33,26.0,0.9947,0.6,11.9,1580.0,6
0.1,27.0,0.99362,0.5,11.9,1582.0,5
0.29,98.0,0.99578,0.62,9.8,1583.0,5
0.44,34.0,0.99484,0.8,11.6,1584.0,7
0.41,60.0,0.99492,0.85,11.4,1586.0,6
0.11,28.0,0.99483,0.66,10.9,1587.0,6
0.15,35.0,0.99314,0.82,11.6,1590.0,6
0.09,26.0,0.99402,0.56,11.6,1591.0,6
0.13,40.0,0.99574,0.75,11.0,1592.0,6
0.08,38.0,0.99651,0.82,9.5,1593.0,6
0.08,44.0,0.9949,0.58,10.5,1594.0,5
0.1,51.0,0.99512,0.76,11.2,1595.0,6
0.12,44.0,0.99547,0.71,10.2,1597.0,5
