artists,popularity,duration_ms,danceability,speechiness,acousticness,valence,tempo,track_genre
10357.0,73.0,230666.0,0.676,0.143,0.0322,0.715,87.917,acoustic
3287.0,55.0,149610.0,0.42,0.0763,0.924,0.267,77.489,acoustic
12397.0,57.0,210826.0,0.438,0.0557,0.21,0.12,76.332,acoustic
14839.0,71.0,201933.0,0.266,0.0363,0.905,0.143,181.74,acoustic
5255.0,82.0,198853.0,0.618,0.0526,0.469,0.167,119.949,acoustic
28649.0,58.0,214240.0,0.688,0.105,0.289,0.666,98.017,acoustic
204.0,74.0,229400.0,0.407,0.0355,0.857,0.0765,141.284,acoustic
12981.0,80.0,242946.0,0.703,0.0417,0.559,0.712,150.96,acoustic
12982.0,74.0,189613.0,0.625,0.0369,0.294,0.669,130.088,acoustic
23455.0,56.0,205594.0,0.442,0.0295,0.426,0.196,78.899,acoustic
15991.0,64.0,168000.0,0.443,0.266,0.241,0.628,128.25,afrobeat
5877.0,44.0,318360.0,0.58,0.345,0.281,0.483,81.303,afrobeat
5877.0,42.0,171989.0,0.805,0.185,0.238,0.717,127.922,afrobeat
5877.0,46.0,205440.0,0.582,0.0544,0.399,0.484,83.789,afrobeat
5877.0,44.0,220800.0,0.776,0.034,0.881,0.476,124.055,afrobeat
5877.0,43.0,258359.0,0.711,0.0514,0.679,0.679,90.91,afrobeat
5883.0,41.0,254520.0,0.637,0.281,0.19,0.599,90.571,afrobeat
2912.0,39.0,261400.0,0.79,0.0268,0.243,0.914,124.03,afrobeat
21622.0,40.0,244933.0,0.797,0.131,0.00375,0.913,142.035,afrobeat
5877.0,43.0,172440.0,0.506,0.316,0.194,0.676,124.218,afrobeat
27421.0,87.0,260173.0,0.588,0.0329,0.0678,0.337,85.012,alt-rock
17022.0,83.0,299960.0,0.705,0.0385,0.0102,0.62,97.512,alt-rock
27421.0,86.0,206280.0,0.575,0.03,0.0484,0.37,93.986,alt-rock
27421.0,93.0,240400.0,0.612,0.0336,0.0495,0.398,124.053,alt-rock
27421.0,83.0,153000.0,0.551,0.0542,0.186,0.387,88.036,alt-rock
24123.0,76.0,180690.0,0.573,0.0322,0.0162,0.39,75.012,alt-rock
20020.0,76.0,232146.0,0.427,0.0317,0.745,0.0668,105.218,alt-rock
14155.0,78.0,213706.0,0.489,0.117,0.579,0.337,163.255,alt-rock
27580.0,73.0,192106.0,0.485,0.0467,0.00129,0.602,78.001,alt-rock
20020.0,83.0,301920.0,0.502,0.0564,2.55e-05,0.72,116.761,alt-rock
27421.0,87.0,260173.0,0.588,0.0329,0.0678,0.337,85.012,alternative
1353.0,79.0,204763.0,0.87,0.0602,0.433,0.319,110.02,alternative
27421.0,86.0,206280.0,0.575,0.03,0.0484,0.37,93.986,alternative
27421.0,93.0,240400.0,0.612,0.0336,0.0495,0.398,124.053,alternative
10131.0,86.0,168601.0,0.695,0.0493,0.299,0.415,121.932,alternative
26468.0,81.0,162680.0,0.773,0.0299,0.0153,0.399,94.995,alternative
16049.0,85.0,216880.0,0.556,0.0584,0.00958,0.4,105.143,alternative
16049.0,83.0,185586.0,0.496,0.0381,0.0046,0.243,110.018,alternative
3242.0,76.0,122772.0,0.855,0.0367,0.217,0.866,102.931,alternative
20457.0,79.0,161803.0,0.7,0.076,0.186,0.569,79.982,alternative
5442.0,78.0,320030.0,0.454,0.0265,0.139,0.327,93.719,ambient
5442.0,63.0,269933.0,0.521,0.026,0.754,0.232,80.388,ambient
5442.0,84.0,290616.0,0.37,0.0273,0.0205,0.182,94.485,ambient
5442.0,76.0,256799.0,0.406,0.0278,0.756,0.163,142.83,ambient
5442.0,75.0,292110.0,0.45,0.0276,0.353,0.115,96.563,ambient
5442.0,78.0,215150.0,0.405,0.0301,0.0527,0.131,75.37,ambient
2060.0,60.0,256786.0,0.484,0.0456,0.406,0.187,87.159,ambient
20197.0,69.0,192866.0,0.409,0.0296,0.947,0.173,89.877,ambient
25349.0,72.0,255893.0,0.307,0.0288,0.923,0.189,115.241,ambient
5442.0,72.0,286293.0,0.508,0.0265,0.259,0.101,96.818,ambient
31364.0,71.0,251933.0,0.541,0.0551,0.0122,0.524,129.138,anime
14158.0,73.0,240133.0,0.436,0.0507,1.03e-05,0.384,91.481,anime
14645.0,83.0,193495.0,0.577,0.105,0.00207,0.292,101.921,anime
26498.0,73.0,238360.0,0.508,0.0862,0.0495,0.332,135.014,anime
30168.0,60.0,247746.0,0.691,0.0494,0.0174,0.502,128.162,anime
8974.0,75.0,221426.0,0.584,0.09,0.0119,0.606,92.502,anime
14645.0,71.0,238533.0,0.593,0.0684,0.00221,0.618,100.003,anime
8209.0,77.0,172106.0,0.6,0.0592,0.0642,0.471,72.999,anime
11798.0,55.0,151400.0,0.159,0.0312,0.505,0.125,85.869,anime
12224.0,70.0,215706.0,0.536,0.0558,0.121,0.849,152.076,anime
5821.0,51.0,430733.0,0.428,0.0666,7.16e-05,0.225,118.306,black-metal
17270.0,58.0,275205.0,0.25,0.209,2.45e-05,0.126,143.022,black-metal
3231.0,47.0,301285.0,0.468,0.072,0.0265,0.187,109.003,black-metal
23947.0,41.0,355474.0,0.144,0.0522,0.686,0.0737,87.29,black-metal
5821.0,54.0,302360.0,0.462,0.0438,0.00066,0.253,122.925,black-metal
20321.0,26.0,1478618.0,0.174,0.0789,0.00128,0.0371,127.958,black-metal
18136.0,51.0,212986.0,0.219,0.1,1.92e-06,0.208,121.476,black-metal
7595.0,40.0,366333.0,0.571,0.0303,3.37e-05,0.648,109.019,black-metal
23469.0,36.0,318248.0,0.387,0.0526,5.03e-05,0.0706,115.975,black-metal
3231.0,49.0,433440.0,0.261,0.064,0.000382,0.183,84.013,black-metal
8849.0,59.0,249767.0,0.449,0.0405,0.162,0.313,94.907,bluegrass
18793.0,64.0,212853.0,0.373,0.0357,0.883,0.409,79.204,bluegrass
1187.0,52.0,260826.0,0.532,0.0334,0.817,0.161,74.47,bluegrass
1186.0,64.0,260800.0,0.514,0.0288,0.752,0.388,171.816,bluegrass
29904.0,36.0,175466.0,0.388,0.0377,0.584,0.776,183.893,bluegrass
21508.0,36.0,254026.0,0.678,0.029,0.321,0.774,129.166,bluegrass
27636.0,39.0,171506.0,0.487,0.0289,0.539,0.668,93.959,bluegrass
27288.0,38.0,209346.0,0.607,0.0268,0.406,0.495,93.705,bluegrass
28389.0,36.0,203053.0,0.434,0.0325,0.658,0.471,94.611,bluegrass
12625.0,33.0,207000.0,0.566,0.0302,0.376,0.962,133.312,bluegrass
8986.0,77.0,230613.0,0.509,0.0357,0.00713,0.221,156.909,blues
4459.0,79.0,208760.0,0.636,0.0263,0.0807,0.273,113.98,blues
24123.0,76.0,180690.0,0.573,0.0322,0.0162,0.39,75.012,blues
27730.0,84.0,232106.0,0.743,0.0683,0.0039,0.278,123.596,blues
8843.0,76.0,225026.0,0.572,0.0293,0.649,0.485,95.542,blues
27199.0,65.0,243329.0,0.691,0.0436,0.00438,0.755,92.025,blues
2109.0,1.0,268040.0,0.27,0.0573,0.755,0.362,170.254,blues
2109.0,0.0,240773.0,0.579,0.0268,0.624,0.526,109.417,blues
16781.0,2.0,285373.0,0.614,0.0247,0.217,0.902,97.863,blues
16781.0,0.0,285373.0,0.614,0.0247,0.217,0.902,97.863,blues
31148.0,82.0,157444.0,0.848,0.0527,0.0169,0.249,125.051,brazil
2748.0,56.0,194478.0,0.833,0.301,0.116,0.187,129.047,brazil
16139.0,54.0,221775.0,0.72,0.0609,0.00408,0.307,125.005,brazil
30049.0,57.0,202213.0,0.692,0.391,0.527,0.542,75.086,brazil
29984.0,54.0,208000.0,0.704,0.0818,0.299,0.161,89.974,brazil
90.0,52.0,201459.0,0.75,0.058,0.798,0.897,136.937,brazil
2753.0,52.0,249490.0,0.799,0.118,0.103,0.404,117.031,brazil
5016.0,55.0,224973.0,0.632,0.0488,0.0556,0.835,87.785,brazil
28678.0,53.0,238000.0,0.611,0.439,0.0717,0.355,158.852,brazil
20571.0,53.0,239072.0,0.641,0.0307,0.413,0.941,139.942,brazil
3100.0,49.0,188906.0,0.576,0.126,0.0208,0.514,87.969,breakbeat
20104.0,48.0,206010.0,0.416,0.1,0.0404,0.0613,172.028,breakbeat
9001.0,42.0,294373.0,0.555,0.0398,0.000145,0.561,131.959,breakbeat
6804.0,49.0,217600.0,0.461,0.223,0.00025,0.0558,112.586,breakbeat
27504.0,17.0,216026.0,0.542,0.0435,0.00097,0.586,140.013,breakbeat
27083.0,64.0,393813.0,0.745,0.0751,0.0141,0.365,104.003,breakbeat
3095.0,53.0,282272.0,0.507,0.188,0.00936,0.471,175.954,breakbeat
27083.0,52.0,354603.0,0.607,0.0259,0.102,0.207,124.014,breakbeat
11964.0,23.0,288000.0,0.546,0.034,0.00307,0.0621,129.998,breakbeat
27513.0,45.0,149233.0,0.661,0.128,0.0519,0.332,141.911,breakbeat
642.0,78.0,285935.0,0.331,0.0309,0.528,0.152,109.821,british
642.0,80.0,242973.0,0.603,0.0249,0.00408,0.446,107.993,british
642.0,74.0,271800.0,0.591,0.0283,0.889,0.348,141.916,british
642.0,85.0,224694.0,0.604,0.0282,0.578,0.13,141.981,british
642.0,81.0,285240.0,0.556,0.0281,0.893,0.294,135.187,british
642.0,78.0,286480.0,0.346,0.0282,0.417,0.0789,75.881,british
642.0,79.0,290900.0,0.376,0.0496,0.303,0.265,144.361,british
642.0,82.0,225148.0,0.534,0.046,0.091,0.55,88.098,british
642.0,81.0,228093.0,0.73,0.0298,0.138,0.507,104.948,british
642.0,72.0,223078.0,0.688,0.0865,0.0355,0.567,164.069,british
30954.0,47.0,183968.0,0.576,0.0392,0.753,0.57,127.025,cantopop
30954.0,44.0,172343.0,0.577,0.0306,0.834,0.161,119.035,cantopop
30954.0,50.0,191308.0,0.641,0.0443,0.732,0.301,121.974,cantopop
30954.0,48.0,148564.0,0.613,0.0309,0.769,0.268,132.035,cantopop
8245.0,54.0,228973.0,0.646,0.0351,0.825,0.465,129.914,cantopop
30954.0,46.0,163775.0,0.453,0.0422,0.699,0.396,178.211,cantopop
30954.0,42.0,206825.0,0.544,0.0348,0.778,0.457,144.979,cantopop
30954.0,42.0,159596.0,0.472,0.0322,0.348,0.583,171.77,cantopop
30954.0,41.0,126211.0,0.569,0.0362,0.76,0.232,113.186,cantopop
17001.0,66.0,223950.0,0.679,0.0334,0.503,0.631,107.014,cantopop
469.0,76.0,256000.0,0.751,0.0304,0.0442,0.28,119.982,chicago-house
466.0,78.0,198053.0,0.72,0.0287,0.101,0.357,119.896,chicago-house
21158.0,58.0,367786.0,0.879,0.0746,0.000161,0.615,126.903,chicago-house
17714.0,62.0,196109.0,0.791,0.07,0.00531,0.609,124.985,chicago-house
19173.0,47.0,430576.0,0.767,0.0461,0.0681,0.565,114.07,chicago-house
466.0,49.0,271986.0,0.77,0.0335,0.00737,0.486,119.995,chicago-house
9802.0,52.0,403706.0,0.7,0.0492,0.0439,0.129,116.824,chicago-house
4469.0,50.0,327138.0,0.878,0.0817,0.000271,0.235,123.993,chicago-house
460.0,31.0,441904.0,0.779,0.042,0.232,0.731,125.993,chicago-house
1171.0,27.0,232500.0,0.726,0.0418,0.00858,0.566,128.01,chicago-house
21566.0,77.0,80927.0,0.829,0.112,0.259,0.777,115.056,children
5583.0,72.0,207340.0,0.941,0.0427,0.184,0.965,125.021,children
16243.0,46.0,94451.0,0.597,0.0318,0.0551,0.786,154.98,children
5583.0,64.0,127203.0,0.779,0.0721,0.33,0.908,199.956,children
26256.0,69.0,152691.0,0.696,0.042,0.866,0.284,87.88,children
5583.0,68.0,147780.0,0.711,0.0486,0.829,0.969,199.955,children
5583.0,64.0,147147.0,0.704,0.0348,0.292,0.936,199.841,children
5583.0,64.0,169302.0,0.959,0.155,0.8,0.717,119.925,children
5583.0,62.0,62228.0,0.866,0.0345,0.403,0.79,94.976,children
5583.0,49.0,147780.0,0.711,0.0486,0.829,0.969,199.955,children
30769.0,75.0,171743.0,0.456,0.0867,0.839,0.209,108.678,chill
24962.0,74.0,157205.0,0.603,0.112,0.479,0.71,74.688,chill
31091.0,60.0,162726.0,0.543,0.0319,0.94,0.13,113.107,chill
9505.0,68.0,201951.0,0.55,0.0404,0.563,0.0346,81.991,chill
14061.0,75.0,260169.0,0.418,0.0625,0.095,0.131,139.614,chill
21551.0,74.0,170344.0,0.813,0.0349,0.777,0.667,91.921,chill
26814.0,71.0,103400.0,0.55,0.241,0.956,0.224,74.918,chill
30769.0,83.0,171743.0,0.656,0.0744,0.845,0.196,109.239,chill
30769.0,69.0,159130.0,0.735,0.167,0.627,0.551,92.031,chill
1901.0,68.0,223257.0,0.866,0.0719,0.177,0.695,129.039,chill
3885.0,58.0,298266.0,0.643,0.09,0.593,0.62,143.813,classical
24873.0,59.0,482586.0,0.484,0.164,0.365,0.68,91.975,classical
3886.0,54.0,219437.0,0.608,0.0292,0.581,0.439,140.109,classical
3885.0,68.0,299146.0,0.695,0.0431,0.596,0.637,143.804,classical
3890.0,59.0,387716.0,0.583,0.0465,0.581,0.241,118.226,classical
3885.0,62.0,298266.0,0.643,0.09,0.593,0.62,143.813,classical
3885.0,59.0,306626.0,0.642,0.0607,0.584,0.671,149.82,classical
16632.0,0.0,442400.0,0.23,0.0348,0.965,0.134,139.114,classical
29856.0,2.0,177000.0,0.496,0.0418,0.992,0.585,79.334,classical
29891.0,1.0,151080.0,0.355,0.0465,0.987,0.65,80.606,classical
10531.0,85.0,202093.0,0.658,0.0363,0.0933,0.166,100.966,club
10529.0,49.0,215973.0,0.627,0.0549,0.197,0.146,100.005,club
13042.0,65.0,188160.0,0.807,0.0631,0.00148,0.349,124.979,club
10528.0,59.0,233965.0,0.748,0.065,0.00268,0.197,101.033,club
15651.0,55.0,187173.0,0.683,0.0515,0.00088,0.219,123.983,club
24002.0,58.0,214634.0,0.714,0.0875,0.0137,0.631,123.037,club
30391.0,49.0,185142.0,0.774,0.0646,0.0318,0.0461,105.01,club
30391.0,55.0,199200.0,0.561,0.0825,0.0622,0.202,99.982,club
15983.0,48.0,203773.0,0.665,0.115,0.00758,0.0392,106.013,club
14223.0,52.0,170500.0,0.432,0.093,0.0509,0.262,123.074,club
13594.0,75.0,195693.0,0.823,0.307,0.42,0.876,90.302,comedy
15914.0,45.0,216631.0,0.755,0.224,0.147,0.755,133.123,comedy
15911.0,40.0,281500.0,0.694,0.05,0.639,0.676,95.941,comedy
738.0,69.0,197760.0,0.802,0.488,0.169,0.849,166.01,comedy
27362.0,63.0,166560.0,0.615,0.144,0.0188,0.808,167.995,comedy
15913.0,66.0,244339.0,0.829,0.037,0.203,0.397,114.955,comedy
15915.0,64.0,290835.0,0.858,0.23,0.114,0.364,98.013,comedy
13594.0,52.0,201493.0,0.662,0.316,0.284,0.69,169.914,comedy
27363.0,58.0,169506.0,0.762,0.0573,0.0191,0.639,131.22,comedy
15918.0,62.0,353959.0,0.684,0.362,0.432,0.537,128.882,comedy
6574.0,78.0,167693.0,0.654,0.0259,0.153,0.43,89.991,country
16707.0,0.0,236455.0,0.52,0.0551,0.171,0.519,156.044,country
27858.0,1.0,228320.0,0.59,0.0387,0.411,0.389,166.055,country
30423.0,3.0,228013.0,0.369,0.04,0.555,0.148,175.212,country
30423.0,4.0,228013.0,0.369,0.04,0.555,0.148,175.212,country
30423.0,4.0,228013.0,0.369,0.04,0.555,0.148,175.212,country
30423.0,2.0,228013.0,0.369,0.04,0.555,0.148,175.212,country
30423.0,2.0,228013.0,0.369,0.04,0.555,0.148,175.212,country
30423.0,1.0,228013.0,0.369,0.04,0.555,0.148,175.212,country
16707.0,2.0,225560.0,0.644,0.0464,0.0295,0.672,105.969,country
5271.0,96.0,184613.0,0.733,0.0427,0.0635,0.31,116.992,dance
24119.0,100.0,156943.0,0.714,0.0864,0.013,0.238,131.121,dance
14490.0,73.0,185815.0,0.722,0.132,0.185,0.721,140.094,dance
24493.0,83.0,221176.0,0.742,0.117,0.0466,0.463,102.04,dance
27069.0,84.0,244960.0,0.748,0.0338,0.414,0.661,95.01,dance
6362.0,84.0,205946.0,0.649,0.0349,0.0863,0.163,99.988,dance
28517.0,82.0,201538.0,0.578,0.0832,0.162,0.25,83.909,dance
8000.0,85.0,203064.0,0.702,0.0601,0.00883,0.915,102.977,dance
6849.0,98.0,175238.0,0.561,0.0343,0.00383,0.304,128.04,dance
2124.0,84.0,178626.0,0.778,0.334,0.592,0.327,140.048,dance
24493.0,83.0,221176.0,0.742,0.117,0.0466,0.463,102.04,dancehall
376.0,71.0,166000.0,0.733,0.301,0.575,0.485,88.742,dancehall
25726.0,74.0,154666.0,0.817,0.108,0.12,0.534,90.016,dancehall
25858.0,69.0,224727.0,0.684,0.0735,0.0271,0.549,95.083,dancehall
25726.0,69.0,154151.0,0.801,0.0986,0.109,0.578,89.999,dancehall
4300.0,4.0,172342.0,0.795,0.0948,0.131,0.55,87.925,dancehall
4316.0,2.0,189800.0,0.873,0.108,0.00858,0.483,104.033,dancehall
4300.0,2.0,185898.0,0.816,0.0425,0.692,0.937,99.95,dancehall
4314.0,0.0,197933.0,0.488,0.0901,0.138,0.415,132.45,dancehall
4300.0,0.0,172342.0,0.795,0.0948,0.131,0.55,87.925,dancehall
10815.0,60.0,271417.0,0.229,0.0537,1.67e-05,0.4,99.325,death-metal
5821.0,51.0,430733.0,0.428,0.0666,7.16e-05,0.225,118.306,death-metal
20581.0,52.0,208520.0,0.475,0.0317,0.595,0.183,134.368,death-metal
26167.0,60.0,192560.0,0.613,0.153,0.00018,0.213,119.976,death-metal
6997.0,58.0,223933.0,0.158,0.0346,0.000926,0.347,79.176,death-metal
5821.0,54.0,302360.0,0.462,0.0438,0.00066,0.253,122.925,death-metal
12341.0,43.0,265012.0,0.44,0.0527,0.000947,0.446,165.964,death-metal
10815.0,59.0,300783.0,0.382,0.0417,0.00038,0.513,181.933,death-metal
12341.0,39.0,190180.0,0.395,0.0651,0.000785,0.123,176.838,death-metal
25323.0,65.0,255186.0,0.227,0.173,0.000405,0.0363,87.499,death-metal
26862.0,69.0,210853.0,0.74,0.0456,0.444,0.448,121.034,deep-house
7057.0,67.0,170562.0,0.727,0.0345,0.202,0.699,100.002,deep-house
12863.0,90.0,186661.0,0.847,0.0493,0.0127,0.692,125.004,deep-house
25818.0,64.0,222040.0,0.67,0.036,0.0607,0.726,105.002,deep-house
23209.0,76.0,219043.0,0.636,0.0581,0.0185,0.636,123.063,deep-house
26372.0,60.0,181935.0,0.628,0.0313,0.168,0.331,123.973,deep-house
27269.0,61.0,193103.0,0.491,0.0796,0.0699,0.279,173.846,deep-house
11240.0,64.0,160686.0,0.808,0.0526,0.0602,0.865,123.985,deep-house
26862.0,53.0,333333.0,0.732,0.0475,0.232,0.334,152.634,deep-house
7052.0,59.0,135642.0,0.741,0.0328,0.307,0.884,108.055,deep-house
20361.0,52.0,518945.0,0.763,0.0545,0.264,0.496,128.24,detroit-techno
6015.0,43.0,294533.0,0.802,0.0624,0.000231,0.336,125.284,detroit-techno
7856.0,23.0,185600.0,0.785,0.149,0.0126,0.204,134.373,detroit-techno
12408.0,54.0,196363.0,0.65,0.0563,0.000943,0.77,120.941,detroit-techno
13041.0,39.0,282266.0,0.788,0.0548,0.449,0.405,117.813,detroit-techno
19036.0,50.0,343000.0,0.621,0.219,0.108,0.14,183.391,detroit-techno
13144.0,45.0,285413.0,0.616,0.114,0.000372,0.772,137.514,detroit-techno
12408.0,58.0,244773.0,0.716,0.0496,0.172,0.952,121.306,detroit-techno
19035.0,46.0,556280.0,0.797,0.0495,0.0692,0.536,119.988,detroit-techno
4679.0,38.0,410040.0,0.386,0.0485,0.0178,0.174,122.997,detroit-techno
8236.0,83.0,215093.0,0.697,0.0298,0.168,0.979,125.926,disco
18937.0,78.0,307153.0,0.72,0.0379,0.00793,0.869,126.041,disco
3908.0,70.0,220666.0,0.69,0.0455,0.463,0.97,126.005,disco
10388.0,71.0,242678.0,0.553,0.0306,0.764,0.345,136.628,disco
853.0,42.0,248236.0,0.751,0.0437,0.0479,0.535,127.953,disco
3908.0,72.0,208600.0,0.763,0.0364,0.281,0.929,124.431,disco
3819.0,73.0,178304.0,0.771,0.0584,0.00596,0.895,127.008,disco
3213.0,77.0,92866.0,0.707,0.0436,0.113,0.641,103.644,disco
23014.0,45.0,213573.0,0.721,0.0376,0.115,0.914,113.309,disco
3213.0,80.0,285373.0,0.702,0.0343,0.0288,0.953,103.564,disco
3567.0,58.0,251520.0,0.53,0.218,0.274,0.575,81.854,disney
22577.0,71.0,124160.0,0.689,0.0307,0.817,0.471,115.835,disney
13349.0,70.0,195493.0,0.274,0.0482,0.92,0.302,61.551,disney
4819.0,55.0,52866.0,0.655,0.0489,0.423,0.66,92.968,disney
2539.0,49.0,163386.0,0.571,0.0499,0.649,0.108,83.72,disney
897.0,52.0,140160.0,0.27,0.093,0.0972,0.463,157.24,disney
942.0,56.0,165533.0,0.46,0.112,0.318,0.37,67.697,disney
16031.0,56.0,241800.0,0.297,0.0378,0.412,0.496,81.425,disney
3566.0,60.0,84720.0,0.686,0.223,0.856,0.923,137.953,disney
4736.0,67.0,239146.0,0.402,0.0406,0.0634,0.568,83.789,disney
25126.0,55.0,204444.0,0.584,0.0465,0.0649,0.238,134.882,drum-and-bass
29664.0,20.0,226206.0,0.686,0.0374,0.0314,0.345,87.004,drum-and-bass
19800.0,51.0,167600.0,0.709,0.1,0.23,0.584,97.007,drum-and-bass
19366.0,46.0,268043.0,0.521,0.0709,0.0029,0.0391,184.018,drum-and-bass
20104.0,48.0,206010.0,0.416,0.1,0.0404,0.0613,172.028,drum-and-bass
29660.0,69.0,225172.0,0.516,0.0562,0.0228,0.0398,174.032,drum-and-bass
9941.0,58.0,250264.0,0.588,0.0525,0.00152,0.112,174.046,drum-and-bass
6204.0,65.0,192446.0,0.451,0.147,0.255,0.295,176.985,drum-and-bass
5114.0,61.0,205253.0,0.454,0.0498,0.0342,0.286,174.851,drum-and-bass
21290.0,50.0,209583.0,0.667,0.122,0.0333,0.59,75.028,drum-and-bass
12115.0,70.0,244235.0,0.352,0.0512,0.117,0.227,169.965,dub
12078.0,64.0,216668.0,0.643,0.0318,0.0128,0.442,144.033,dub
12090.0,0.0,167274.0,0.534,0.053,0.0698,0.576,155.002,dub
23801.0,67.0,256042.0,0.452,0.0344,0.0589,0.0832,149.586,dub
12058.0,61.0,222400.0,0.494,0.0384,0.0819,0.162,149.979,dub
12110.0,0.0,253983.0,0.404,0.0566,0.0243,0.159,154.858,dub
12115.0,0.0,244235.0,0.352,0.0512,0.117,0.227,169.965,dub
12127.0,62.0,165779.0,0.526,0.0437,0.0505,0.43,155.085,dub
12113.0,0.0,300916.0,0.428,0.163,0.00594,0.244,149.955,dub
23979.0,58.0,216125.0,0.4,0.0369,0.0789,0.211,159.909,dub
12115.0,70.0,244235.0,0.352,0.0512,0.117,0.227,169.965,dubstep
12078.0,64.0,216668.0,0.643,0.0318,0.0128,0.442,144.033,dubstep
12090.0,0.0,167274.0,0.534,0.053,0.0698,0.576,155.002,dubstep
12127.0,62.0,165779.0,0.526,0.0437,0.0505,0.43,155.085,dubstep
23801.0,67.0,256042.0,0.452,0.0344,0.0589,0.0832,149.586,dubstep
12110.0,0.0,253983.0,0.404,0.0566,0.0243,0.159,154.858,dubstep
12115.0,0.0,244235.0,0.352,0.0512,0.117,0.227,169.965,dubstep
12058.0,61.0,222400.0,0.494,0.0384,0.0819,0.162,149.979,dubstep
12113.0,0.0,300916.0,0.428,0.163,0.00594,0.244,149.955,dubstep
29568.0,73.0,267227.0,0.682,0.0688,0.261,0.112,127.526,dubstep
27069.0,84.0,244960.0,0.748,0.0338,0.414,0.661,95.01,edm
6362.0,84.0,205946.0,0.649,0.0349,0.0863,0.163,99.988,edm
8607.0,79.0,253520.0,0.489,0.0292,0.27,0.324,95.012,edm
6849.0,98.0,175238.0,0.561,0.0343,0.00383,0.304,128.04,edm
23076.0,68.0,181176.0,0.786,0.054,0.0112,0.688,102.046,edm
4771.0,73.0,207068.0,0.451,0.0398,0.287,0.423,174.122,edm
23076.0,67.0,180413.0,0.595,0.0474,0.000712,0.483,144.961,edm
30437.0,68.0,157245.0,0.889,0.0424,0.117,0.942,118.003,edm
23078.0,66.0,222096.0,0.678,0.0869,0.477,0.606,100.033,edm
17720.0,79.0,202620.0,0.626,0.0504,0.205,0.534,95.079,edm
27069.0,84.0,244960.0,0.748,0.0338,0.414,0.661,95.01,electro
13176.0,79.0,181613.0,0.795,0.0574,0.607,0.608,93.982,electro
6362.0,84.0,205946.0,0.649,0.0349,0.0863,0.163,99.988,electro
11302.0,78.0,201660.0,0.752,0.0705,0.297,0.533,136.041,electro
9231.0,66.0,216216.0,0.758,0.0428,0.0888,0.284,110.983,electro
11302.0,79.0,201660.0,0.752,0.0705,0.297,0.533,136.041,electro
8607.0,79.0,253520.0,0.489,0.0292,0.27,0.324,95.012,electro
18341.0,79.0,179867.0,0.68,0.0475,0.612,0.446,123.97,electro
30701.0,81.0,207026.0,0.718,0.0621,0.0764,0.455,144.678,electro
17723.0,83.0,214289.0,0.687,0.0452,0.191,0.671,100.015,electro
12582.0,78.0,295308.0,0.663,0.0687,0.312,0.553,86.986,electronic
6364.0,66.0,198285.0,0.784,0.0384,0.495,0.587,104.996,electronic
6352.0,76.0,220573.0,0.583,0.0423,0.0141,0.224,104.879,electronic
23480.0,66.0,133305.0,0.737,0.0317,0.601,0.456,89.993,electronic
6362.0,84.0,205946.0,0.649,0.0349,0.0863,0.163,99.988,electronic
9231.0,66.0,216216.0,0.758,0.0428,0.0888,0.284,110.983,electronic
16610.0,57.0,219260.0,0.685,0.238,0.314,0.0569,124.987,electronic
12582.0,76.0,242142.0,0.684,0.0634,0.216,0.768,104.647,electronic
22449.0,67.0,235413.0,0.676,0.0338,0.137,0.392,86.994,electronic
30405.0,47.0,180693.0,0.778,0.13,0.0456,0.362,86.49,electronic
29960.0,70.0,198902.0,0.703,0.0412,0.0302,0.288,104.969,emo
22297.0,68.0,236390.0,0.571,0.0305,0.615,0.342,78.025,emo
29974.0,83.0,146520.0,0.797,0.0412,0.0172,0.329,131.036,emo
29965.0,75.0,150475.0,0.8,0.0716,0.334,0.746,129.874,emo
29951.0,73.0,121671.0,0.835,0.155,0.513,0.702,78.99,emo
29951.0,84.0,119133.0,0.872,0.242,0.469,0.437,134.021,emo
15940.0,81.0,196400.0,0.669,0.0286,0.0175,0.273,120.013,emo
29951.0,87.0,120026.0,0.746,0.259,0.782,0.18,139.999,emo
29951.0,77.0,87560.0,0.433,0.041,0.843,0.764,114.208,emo
29951.0,85.0,95466.0,0.734,0.133,0.847,0.689,129.953,emo
24057.0,71.0,379768.0,0.586,0.0328,0.779,0.494,99.994,folk
14325.0,63.0,323520.0,0.447,0.0332,0.324,0.434,80.044,folk
9240.0,70.0,287573.0,0.78,0.0851,0.455,0.788,124.007,folk
21810.0,70.0,197549.0,0.558,0.0256,0.0285,0.444,107.047,folk
21810.0,61.0,281218.0,0.509,0.0262,0.309,0.283,146.031,folk
16256.0,83.0,208211.0,0.544,0.038,0.969,0.102,87.01,folk
21810.0,56.0,216885.0,0.362,0.0589,0.015,0.431,187.291,folk
14317.0,32.0,270324.0,0.378,0.223,0.777,0.848,90.836,folk
565.0,54.0,86206.0,0.516,0.0249,0.00411,0.454,87.045,folk
21601.0,67.0,295866.0,0.693,0.248,0.555,0.282,125.025,folk
14681.0,50.0,179748.0,0.677,0.141,0.616,0.782,127.651,forro
4483.0,51.0,258968.0,0.612,0.0299,0.613,0.386,124.881,forro
984.0,54.0,180796.0,0.788,0.0331,0.577,0.942,130.012,forro
29259.0,57.0,162019.0,0.558,0.0549,0.466,0.692,156.002,forro
14680.0,53.0,150937.0,0.754,0.0572,0.744,0.731,131.842,forro
29260.0,56.0,205961.0,0.642,0.0346,0.547,0.887,156.022,forro
12943.0,49.0,188571.0,0.675,0.0328,0.363,0.972,153.987,forro
13750.0,50.0,175716.0,0.683,0.0321,0.707,0.891,148.799,forro
12943.0,49.0,138750.0,0.671,0.0463,0.275,0.914,165.944,forro
29257.0,54.0,167400.0,0.67,0.0441,0.302,0.694,149.962,forro
16830.0,76.0,243960.0,0.507,0.0393,0.0182,0.272,105.013,french
16833.0,72.0,222354.0,0.367,0.0313,0.668,0.0362,121.865,french
16830.0,72.0,343253.0,0.426,0.0322,0.198,0.0822,147.994,french
12368.0,75.0,316280.0,0.375,0.0376,0.815,0.331,95.978,french
12368.0,78.0,246093.0,0.594,0.0428,0.103,0.376,119.991,french
12807.0,60.0,249533.0,0.824,0.0704,0.388,0.418,116.068,french
8622.0,64.0,209708.0,0.792,0.027,0.023,0.54,102.979,french
28445.0,71.0,173750.0,0.808,0.0608,0.108,0.416,108.026,french
12368.0,76.0,213493.0,0.669,0.0489,0.184,0.327,114.926,french
26862.0,53.0,333333.0,0.732,0.0475,0.232,0.334,152.634,french
5747.0,89.0,240693.0,0.647,0.0593,0.0655,0.386,79.975,funk
5541.0,75.0,251088.0,0.72,0.0523,0.406,0.742,101.965,funk
1830.0,2.0,157837.0,0.759,0.0384,0.0477,0.436,111.902,funk
1824.0,0.0,193805.0,0.813,0.0847,0.15,0.397,91.988,funk
1830.0,0.0,157837.0,0.759,0.0384,0.0477,0.436,111.902,funk
1824.0,2.0,135046.0,0.594,0.0387,0.00166,0.646,164.163,funk
1830.0,0.0,157837.0,0.759,0.0384,0.0477,0.436,111.902,funk
1830.0,0.0,157837.0,0.759,0.0384,0.0477,0.436,111.902,funk
1830.0,0.0,157837.0,0.759,0.0384,0.0477,0.436,111.902,funk
1824.0,0.0,193805.0,0.813,0.0847,0.15,0.397,91.988,funk
2095.0,92.0,183956.0,0.464,0.0256,0.136,0.479,67.528,garage
2095.0,88.0,272394.0,0.548,0.0323,0.186,0.405,85.03,garage
17581.0,64.0,304825.0,0.569,0.0839,0.514,0.143,115.055,garage
2095.0,88.0,253586.0,0.526,0.0568,0.00287,0.248,140.266,garage
2095.0,88.0,161123.0,0.691,0.0368,0.0483,0.8,92.004,garage
18723.0,78.0,177493.0,0.546,0.0287,0.153,0.415,73.369,garage
2095.0,83.0,201726.0,0.288,0.0371,0.00616,0.619,97.094,garage
2095.0,69.0,152613.0,0.462,0.0347,0.215,0.64,113.719,garage
2095.0,71.0,243131.0,0.505,0.0297,0.33,0.599,115.013,garage
2095.0,76.0,257563.0,0.665,0.033,0.123,0.587,97.975,garage
30512.0,76.0,210090.0,0.69,0.0622,0.253,0.544,102.04,german
30529.0,80.0,184732.0,0.753,0.0449,0.171,0.437,107.01,german
11343.0,74.0,126959.0,0.18,0.042,0.951,0.048,94.079,german
23206.0,5.0,190217.0,0.609,0.0694,0.0246,0.202,122.958,german
23206.0,1.0,190217.0,0.609,0.0694,0.0246,0.202,122.958,german
23206.0,0.0,190217.0,0.609,0.0694,0.0246,0.202,122.958,german
23218.0,0.0,201700.0,0.534,0.0629,0.00633,0.415,125.99,german
23209.0,3.0,219043.0,0.635,0.0578,0.0187,0.641,123.065,german
23218.0,0.0,201700.0,0.534,0.0629,0.00633,0.415,125.99,german
23218.0,1.0,201700.0,0.534,0.0629,0.00633,0.415,125.99,german
13224.0,49.0,167850.0,0.647,0.0413,0.237,0.521,118.963,gospel
14920.0,50.0,276178.0,0.412,0.0315,0.0595,0.373,85.425,gospel
12488.0,58.0,314154.0,0.457,0.0315,0.408,0.224,137.956,gospel
20258.0,51.0,427917.0,0.489,0.0362,0.0405,0.18,131.963,gospel
4780.0,50.0,408805.0,0.274,0.0663,0.0657,0.212,134.471,gospel
16703.0,52.0,255600.0,0.396,0.0344,0.615,0.739,62.518,gospel
12494.0,57.0,538613.0,0.368,0.0448,0.598,0.183,133.879,gospel
13151.0,58.0,418698.0,0.423,0.0344,0.0206,0.166,135.906,gospel
4809.0,51.0,334692.0,0.292,0.0395,0.56,0.182,136.085,gospel
4777.0,51.0,445970.0,0.364,0.0356,0.0217,0.0886,133.784,gospel
5821.0,51.0,430733.0,0.428,0.0666,7.16e-05,0.225,118.306,goth
27249.0,56.0,166493.0,0.707,0.0303,0.19,0.746,120.028,goth
13757.0,67.0,266906.0,0.714,0.0388,0.726,0.314,129.984,goth
13757.0,66.0,160240.0,0.554,0.0338,0.974,0.314,87.956,goth
29771.0,57.0,290946.0,0.234,0.0446,0.199,0.12,152.972,goth
12000.0,45.0,321712.0,0.257,0.0302,0.882,0.361,144.96,goth
12000.0,44.0,281890.0,0.495,0.0451,0.000121,0.466,127.962,goth
12000.0,40.0,241382.0,0.718,0.069,0.483,0.514,123.976,goth
13757.0,0.0,266906.0,0.714,0.0388,0.726,0.314,129.984,goth
12000.0,41.0,149840.0,0.341,0.0319,0.942,0.291,79.681,goth
7273.0,21.0,48333.0,0.302,0.13,3.47e-05,0.0652,116.578,grindcore
1933.0,18.0,105186.0,0.373,0.209,1.23e-06,0.0992,129.604,grindcore
29006.0,21.0,141294.0,0.174,0.161,1.19e-06,0.0773,143.825,grindcore
11525.0,20.0,235358.0,0.216,0.113,7.26e-06,0.124,139.737,grindcore
12337.0,19.0,168040.0,0.312,0.111,0.000129,0.291,96.964,grindcore
11799.0,25.0,103492.0,0.252,0.0403,1.21e-05,0.357,133.303,grindcore
11799.0,22.0,55132.0,0.3,0.111,0.000182,0.425,72.579,grindcore
7273.0,28.0,70960.0,0.234,0.0542,3.19e-06,0.0771,66.787,grindcore
17345.0,23.0,67266.0,0.444,0.0607,8.5e-05,0.269,114.783,grindcore
24767.0,24.0,70682.0,0.272,0.127,5.48e-06,0.433,141.935,grindcore
12863.0,90.0,186661.0,0.847,0.0493,0.0127,0.692,125.004,groove
19665.0,71.0,188260.0,0.629,0.0408,0.129,0.645,124.999,groove
12868.0,63.0,194523.0,0.842,0.109,0.00579,0.594,125.995,groove
7751.0,63.0,234440.0,0.851,0.0377,0.0259,0.236,123.033,groove
21053.0,70.0,242015.0,0.726,0.0414,0.137,0.0742,119.984,groove
12865.0,68.0,188640.0,0.73,0.0427,0.00806,0.694,124.957,groove
7752.0,70.0,188592.0,0.609,0.0617,0.00124,0.238,128.001,groove
12863.0,0.0,186661.0,0.847,0.0493,0.0127,0.692,125.004,groove
21055.0,70.0,182700.0,0.787,0.0297,0.106,0.544,119.953,groove
12863.0,2.0,186661.0,0.847,0.0493,0.0127,0.692,125.004,groove
20020.0,76.0,232146.0,0.427,0.0317,0.745,0.0668,105.218,grunge
16049.0,85.0,216880.0,0.556,0.0584,0.00958,0.4,105.143,grunge
16049.0,83.0,185586.0,0.496,0.0381,0.0046,0.243,110.018,grunge
16049.0,42.0,231680.0,0.487,0.132,0.0415,0.323,170.005,grunge
16058.0,69.0,169800.0,0.59,0.0706,0.0484,0.438,149.982,grunge
82.0,76.0,238733.0,0.557,0.0252,0.0492,0.233,143.994,grunge
16049.0,75.0,230253.0,0.585,0.0534,0.0143,0.585,110.006,grunge
16049.0,55.0,209306.0,0.514,0.0363,0.213,0.18,80.401,grunge
16049.0,73.0,205400.0,0.615,0.0278,0.0686,0.685,108.0,grunge
20020.0,79.0,218920.0,0.5,0.0388,0.00016,0.539,120.125,grunge
10388.0,71.0,242678.0,0.553,0.0306,0.764,0.345,136.628,guitar
12175.0,55.0,116791.0,0.631,0.101,0.58,0.418,203.953,guitar
1584.0,56.0,129750.0,0.706,0.0391,0.827,0.414,110.154,guitar
9516.0,56.0,191869.0,0.511,0.0769,0.987,0.13,95.946,guitar
1584.0,54.0,169728.0,0.795,0.0461,0.742,0.609,91.803,guitar
9516.0,51.0,178445.0,0.512,0.0819,0.994,0.261,145.243,guitar
22045.0,48.0,160644.0,0.682,0.0337,0.877,0.258,124.027,guitar
13702.0,40.0,188695.0,0.739,0.059,0.969,0.557,80.64,guitar
1584.0,37.0,186738.0,0.408,0.0404,0.875,0.35,143.651,guitar
13377.0,52.0,202533.0,0.575,0.0326,0.484,0.394,144.366,guitar
27520.0,65.0,201451.0,0.569,0.224,0.198,0.461,100.02,happy
6765.0,59.0,160212.0,0.487,0.094,0.000595,0.161,160.046,happy
23702.0,55.0,185830.0,0.496,0.393,0.000799,0.422,174.944,happy
6757.0,62.0,271058.0,0.531,0.107,0.0316,0.34,169.955,happy
10272.0,57.0,176051.0,0.532,0.215,0.0102,0.385,169.962,happy
23702.0,58.0,260530.0,0.485,0.116,0.00792,0.432,175.074,happy
10277.0,56.0,158158.0,0.496,0.0474,0.000291,0.391,150.008,happy
24441.0,57.0,174291.0,0.504,0.126,0.33,0.295,169.886,happy
26082.0,47.0,314653.0,0.489,0.0456,0.0145,0.0489,144.011,happy
6758.0,57.0,222400.0,0.478,0.0403,0.0431,0.289,149.671,happy
10545.0,88.0,244804.0,0.466,0.0447,0.000235,0.561,130.02,hard-rock
11141.0,79.0,336000.0,0.496,0.0415,0.0211,0.378,132.41,hard-rock
705.0,82.0,266960.0,0.307,0.029,0.388,0.224,160.9,hard-rock
11141.0,84.0,354520.0,0.454,0.0448,0.0866,0.629,125.116,hard-rock
18420.0,80.0,388266.0,0.553,0.0263,0.0458,0.158,142.352,hard-rock
319.0,84.0,292880.0,0.502,0.0364,0.000147,0.259,133.52,hard-rock
24446.0,79.0,312360.0,0.452,0.0351,0.315,0.246,151.505,hard-rock
15696.0,78.0,146250.0,0.564,0.0554,0.013,0.619,112.937,hard-rock
11141.0,79.0,405640.0,0.273,0.0843,0.0169,0.472,100.271,hard-rock
11141.0,81.0,536066.0,0.294,0.0291,0.0163,0.226,79.759,hard-rock
9270.0,66.0,191942.0,0.536,0.386,0.062,0.393,117.139,hardcore
5925.0,76.0,184760.0,0.522,0.0379,0.000164,0.0364,137.939,hardcore
26986.0,72.0,212293.0,0.935,0.31,0.156,0.884,96.97,hardcore
27437.0,80.0,229826.0,0.901,0.28,0.145,0.67,93.941,hardcore
6434.0,74.0,217586.0,0.761,0.183,0.0135,0.673,95.027,hardcore
12025.0,62.0,225883.0,0.455,0.0415,0.0067,0.378,89.966,hardcore
27437.0,79.0,252746.0,0.78,0.273,0.43,0.773,84.492,hardcore
5925.0,4.0,184760.0,0.522,0.0379,0.000164,0.0364,137.954,hardcore
5925.0,6.0,192000.0,0.52,0.0768,0.0827,0.0856,115.882,hardcore
9670.0,51.0,244153.0,0.489,0.0332,0.101,0.311,129.992,hardcore
27520.0,65.0,201451.0,0.569,0.224,0.198,0.461,100.02,hardstyle
11564.0,50.0,182343.0,0.331,0.452,0.0367,0.389,191.112,hardstyle
22550.0,61.0,289548.0,0.436,0.0615,0.0542,0.0383,155.051,hardstyle
6068.0,64.0,236903.0,0.459,0.0777,0.0191,0.399,155.023,hardstyle
28197.0,70.0,194921.0,0.319,0.0544,0.0368,0.202,149.652,hardstyle
16870.0,38.0,240158.0,0.47,0.0442,0.0235,0.119,151.79,hardstyle
11985.0,56.0,270967.0,0.552,0.0607,0.0207,0.451,155.022,hardstyle
22787.0,65.0,153328.0,0.602,0.0502,0.0396,0.812,149.933,hardstyle
4091.0,57.0,192500.0,0.552,0.0306,0.298,0.287,149.907,hardstyle
6069.0,65.0,236800.0,0.515,0.0478,0.0044,0.284,150.051,hardstyle
29939.0,37.0,379133.0,0.25,0.419,0.0034,0.0595,156.341,heavy-metal
23036.0,41.0,247253.0,0.522,0.0308,0.000157,0.538,96.177,heavy-metal
16300.0,35.0,283376.0,0.424,0.0308,7.29e-06,0.245,92.718,heavy-metal
6945.0,35.0,266800.0,0.405,0.088,0.000773,0.275,170.062,heavy-metal
23036.0,40.0,302586.0,0.512,0.0365,1.8e-05,0.374,127.616,heavy-metal
2389.0,36.0,300328.0,0.507,0.0568,0.000168,0.759,75.002,heavy-metal
22640.0,37.0,307693.0,0.535,0.0344,0.0224,0.32,117.652,heavy-metal
1261.0,41.0,243106.0,0.58,0.0756,0.000384,0.576,116.936,heavy-metal
25785.0,37.0,222726.0,0.452,0.0459,4.06e-05,0.354,130.161,heavy-metal
20983.0,37.0,266493.0,0.423,0.0793,0.00334,0.49,143.244,heavy-metal
389.0,83.0,177391.0,0.86,0.0325,0.165,0.952,114.984,hip-hop
25044.0,83.0,170387.0,0.768,0.0431,0.24,0.722,137.034,hip-hop
25045.0,82.0,148188.0,0.711,0.233,0.00487,0.674,180.219,hip-hop
403.0,77.0,206060.0,0.796,0.0545,0.416,0.304,98.967,hip-hop
27316.0,89.0,141805.0,0.591,0.0483,0.0383,0.478,169.928,hip-hop
4982.0,75.0,131077.0,0.847,0.0663,0.325,0.495,98.062,hip-hop
401.0,71.0,233666.0,0.811,0.0353,0.0947,0.925,117.979,hip-hop
401.0,71.0,229510.0,0.723,0.0359,0.137,0.0383,101.139,hip-hop
25044.0,76.0,200658.0,0.828,0.091,0.214,0.605,93.021,hip-hop
389.0,72.0,199420.0,0.761,0.0854,0.193,0.555,92.52,hip-hop
10418.0,54.0,197400.0,0.333,0.0366,0.785,0.398,144.788,honky-tonk
11329.0,50.0,174293.0,0.785,0.0377,0.801,0.913,141.167,honky-tonk
11329.0,38.0,175360.0,0.784,0.0383,0.797,0.898,141.185,honky-tonk
11329.0,46.0,121066.0,0.575,0.0489,0.975,0.472,76.319,honky-tonk
10418.0,46.0,137960.0,0.435,0.0276,0.449,0.49,94.292,honky-tonk
10430.0,22.0,139466.0,0.414,0.0305,0.885,0.472,67.209,honky-tonk
9795.0,27.0,196481.0,0.763,0.0335,0.973,0.747,132.394,honky-tonk
10418.0,54.0,195333.0,0.43,0.0321,0.594,0.365,72.103,honky-tonk
11329.0,55.0,176893.0,0.777,0.0401,0.805,0.887,140.962,honky-tonk
11329.0,50.0,121733.0,0.472,0.0649,0.971,0.488,80.458,honky-tonk
27069.0,84.0,244960.0,0.748,0.0338,0.414,0.661,95.01,house
28406.0,81.0,162802.0,0.841,0.0379,0.418,0.808,124.917,house
4525.0,89.0,214846.0,0.791,0.11,0.037,0.592,123.994,house
932.0,74.0,193797.0,0.509,0.102,0.0209,0.297,170.087,house
17723.0,83.0,214289.0,0.687,0.0452,0.191,0.671,100.015,house
17720.0,79.0,202620.0,0.626,0.0504,0.205,0.534,95.079,house
1277.0,70.0,158400.0,0.626,0.0269,0.00998,0.317,100.015,house
15203.0,77.0,220780.0,0.64,0.0706,0.119,0.515,99.968,house
27070.0,75.0,209880.0,0.528,0.0324,0.126,0.351,100.1,house
17771.0,79.0,195706.0,0.501,0.0409,0.109,0.168,133.99,house
24578.0,70.0,303660.0,0.544,0.0712,0.193,0.294,109.769,idm
15224.0,56.0,213204.0,0.702,0.0478,0.629,0.189,114.077,idm
24576.0,38.0,215208.0,0.619,0.0333,0.148,0.373,126.993,idm
15224.0,44.0,179439.0,0.601,0.0373,0.984,0.15,107.003,idm
15224.0,42.0,108148.0,0.442,0.0456,0.164,0.245,110.227,idm
20358.0,37.0,302465.0,0.32,0.0315,0.957,0.025,145.964,idm
12500.0,44.0,307896.0,0.612,0.0521,0.539,0.0693,91.016,idm
15224.0,47.0,236719.0,0.587,0.0326,0.513,0.0388,115.201,idm
30185.0,44.0,347250.0,0.855,0.137,0.653,0.924,123.036,idm
21813.0,2.0,194333.0,0.565,0.0281,0.595,0.592,90.016,idm
2007.0,71.0,217241.0,0.6,0.0292,0.871,0.342,86.97,indian
21887.0,88.0,268164.0,0.577,0.0278,0.572,0.436,94.009,indian
20277.0,73.0,219686.0,0.751,0.0359,0.342,0.359,119.014,indian
9240.0,70.0,287573.0,0.78,0.0851,0.455,0.788,124.007,indian
24057.0,71.0,379768.0,0.586,0.0328,0.779,0.494,99.994,indian
21810.0,70.0,197549.0,0.558,0.0256,0.0285,0.444,107.047,indian
21887.0,51.0,285000.0,0.34,0.0379,0.798,0.268,151.383,indian
21952.0,74.0,321225.0,0.609,0.0273,0.328,0.608,130.015,indian
21888.0,79.0,279107.0,0.534,0.0427,0.634,0.439,112.062,indian
21884.0,73.0,311186.0,0.57,0.035,0.524,0.435,117.999,indian
11508.0,63.0,198857.0,0.577,0.0302,0.467,0.401,104.938,indie
30163.0,82.0,197473.0,0.551,0.0732,0.522,0.509,106.772,indie
2007.0,71.0,217241.0,0.6,0.0292,0.871,0.342,86.97,indie
2095.0,92.0,183956.0,0.464,0.0256,0.136,0.479,67.528,indie
5442.0,84.0,290616.0,0.37,0.0273,0.0205,0.182,94.485,indie
23076.0,63.0,193425.0,0.659,0.107,0.106,0.338,84.761,indie
499.0,66.0,168300.0,0.462,0.0988,0.794,0.187,99.662,indie
9240.0,70.0,287573.0,0.78,0.0851,0.455,0.788,124.007,indie
27747.0,63.0,218550.0,0.653,0.0351,0.546,0.472,100.018,indie
15418.0,83.0,91869.0,0.574,0.0409,0.0448,0.226,144.654,indie
19347.0,57.0,221666.0,0.613,0.0343,0.275,0.327,144.106,indie-pop
12693.0,81.0,209259.0,0.515,0.0322,0.653,0.153,94.467,indie-pop
11508.0,63.0,198857.0,0.577,0.0302,0.467,0.401,104.938,indie-pop
5442.0,84.0,290616.0,0.37,0.0273,0.0205,0.182,94.485,indie-pop
10760.0,85.0,238805.0,0.761,0.0944,0.44,0.531,80.87,indie-pop
23076.0,63.0,193425.0,0.659,0.107,0.106,0.338,84.761,indie-pop
499.0,66.0,168300.0,0.462,0.0988,0.794,0.187,99.662,indie-pop
11302.0,78.0,201660.0,0.752,0.0705,0.297,0.533,136.041,indie-pop
20274.0,61.0,60000.0,0.582,0.0378,0.556,0.074,138.028,indie-pop
27747.0,63.0,218550.0,0.653,0.0351,0.546,0.472,100.018,indie-pop
17594.0,55.0,336487.0,0.593,0.0379,0.00989,0.511,59.996,industrial
17594.0,70.0,293293.0,0.392,0.0326,0.0048,0.129,92.698,industrial
22531.0,75.0,234226.0,0.64,0.0385,0.00369,0.716,125.105,industrial
22531.0,74.0,272440.0,0.51,0.0854,0.0054,0.313,75.098,industrial
22531.0,77.0,322339.0,0.521,0.0442,5.54e-05,0.237,120.117,industrial
17594.0,0.0,216735.0,0.611,0.0733,0.00119,0.408,96.875,industrial
17594.0,0.0,240213.0,0.373,0.0528,0.000999,0.235,137.084,industrial
12683.0,1.0,224051.0,0.875,0.251,0.604,0.695,124.011,industrial
17594.0,0.0,293293.0,0.221,0.0379,0.0039,0.101,186.044,industrial
17594.0,1.0,216735.0,0.611,0.0733,0.00119,0.408,96.875,industrial
5911.0,29.0,471041.0,0.3,0.032,0.00833,0.0595,140.112,iranian
5911.0,27.0,366619.0,0.455,0.042,0.977,0.115,130.036,iranian
1300.0,11.0,389548.0,0.235,0.0646,0.777,0.0756,116.927,iranian
21737.0,12.0,384309.0,0.162,0.0377,0.969,0.0486,135.527,iranian
21737.0,16.0,62834.0,0.2,0.0515,0.996,0.106,69.984,iranian
5695.0,13.0,314040.0,0.462,0.0501,0.000562,0.18,90.009,iranian
21739.0,12.0,428800.0,0.198,0.0398,0.985,0.0412,57.423,iranian
1300.0,19.0,81750.0,0.0566,0.0622,0.169,0.0303,206.139,iranian
1300.0,15.0,342000.0,0.134,0.0376,0.177,0.0401,77.296,iranian
1300.0,15.0,248000.0,0.0624,0.14,0.722,0.0386,73.258,iranian
376.0,71.0,166000.0,0.733,0.301,0.575,0.485,88.742,j-dance
22195.0,59.0,215973.0,0.521,0.179,0.034,0.607,169.842,j-dance
9466.0,74.0,196693.0,0.618,0.318,0.00256,0.603,190.05,j-dance
9462.0,74.0,222093.0,0.746,0.128,0.0244,0.817,148.075,j-dance
14958.0,61.0,230151.0,0.856,0.0779,0.178,0.902,100.98,j-dance
21694.0,64.0,259651.0,0.571,0.17,0.478,0.635,106.253,j-dance
376.0,34.0,166000.0,0.733,0.301,0.575,0.485,88.742,j-dance
9065.0,29.0,214320.0,0.492,0.033,0.366,0.469,77.422,j-dance
5060.0,62.0,195813.0,0.724,0.046,0.0248,0.84,100.999,j-dance
9465.0,66.0,213053.0,0.748,0.0531,0.00419,0.537,128.077,j-dance
20069.0,57.0,236293.0,0.555,0.0481,0.484,0.813,92.487,j-idol
23737.0,55.0,224626.0,0.502,0.063,0.00831,0.695,167.908,j-idol
17618.0,65.0,294493.0,0.648,0.034,0.0747,0.857,102.517,j-idol
24593.0,56.0,232338.0,0.404,0.193,0.00139,0.38,185.051,j-idol
24593.0,53.0,230457.0,0.413,0.205,0.00123,0.362,185.034,j-idol
23737.0,52.0,277280.0,0.459,0.053,0.0505,0.579,82.61,j-idol
23737.0,54.0,191506.0,0.588,0.0304,0.00476,0.887,135.786,j-idol
10151.0,42.0,238133.0,0.535,0.0625,0.034,0.812,157.03,j-idol
24591.0,33.0,246720.0,0.575,0.0275,0.767,0.421,134.229,j-idol
2691.0,59.0,230613.0,0.616,0.0825,0.000282,0.44,109.978,j-idol
30030.0,74.0,261013.0,0.67,0.0305,0.00231,0.789,130.041,j-pop
22297.0,68.0,236390.0,0.571,0.0305,0.615,0.342,78.025,j-pop
10021.0,85.0,185573.0,0.6,0.0452,0.166,0.519,158.078,j-pop
14158.0,73.0,240133.0,0.436,0.0507,1.03e-05,0.384,91.481,j-pop
26498.0,73.0,238360.0,0.508,0.0862,0.0495,0.332,135.014,j-pop
18473.0,73.0,237333.0,0.535,0.037,0.533,0.477,115.144,j-pop
10021.0,0.0,185573.0,0.6,0.0452,0.166,0.519,158.078,j-pop
31268.0,70.0,161561.0,0.707,0.0296,0.895,0.583,129.97,j-pop
22296.0,66.0,537653.0,0.372,0.0339,0.687,0.287,123.993,j-pop
12224.0,70.0,215706.0,0.536,0.0558,0.121,0.849,152.076,j-pop
22297.0,68.0,236390.0,0.571,0.0305,0.615,0.342,78.025,j-rock
19191.0,69.0,212546.0,0.529,0.0581,0.00955,0.695,92.466,j-rock
14158.0,73.0,240133.0,0.436,0.0507,1.03e-05,0.384,91.481,j-rock
26498.0,73.0,238360.0,0.508,0.0862,0.0495,0.332,135.014,j-rock
173.0,63.0,350200.0,0.348,0.0324,0.171,0.3,171.637,j-rock
25050.0,73.0,220799.0,0.459,0.0688,5.62e-05,0.494,144.852,j-rock
26285.0,64.0,192400.0,0.468,0.114,0.00364,0.31,94.926,j-rock
2766.0,65.0,224213.0,0.534,0.077,0.00204,0.573,95.008,j-rock
22296.0,66.0,537653.0,0.372,0.0339,0.687,0.287,123.993,j-rock
24974.0,66.0,280466.0,0.473,0.0704,0.00916,0.416,144.014,j-rock
11027.0,77.0,438493.0,0.749,0.105,0.41,0.585,95.818,jazz
18473.0,73.0,237333.0,0.535,0.037,0.533,0.477,115.144,jazz
18473.0,74.0,188066.0,0.713,0.0313,0.753,0.737,125.959,jazz
24873.0,59.0,482586.0,0.484,0.164,0.365,0.68,91.975,jazz
11441.0,56.0,344234.0,0.669,0.0277,0.493,0.376,114.969,jazz
18473.0,1.0,237333.0,0.535,0.037,0.533,0.477,115.146,jazz
18473.0,2.0,119786.0,0.649,0.0428,0.865,0.699,151.251,jazz
18476.0,2.0,284373.0,0.644,0.0391,0.778,0.577,116.042,jazz
18473.0,2.0,119786.0,0.649,0.0428,0.865,0.699,151.251,jazz
18473.0,2.0,271786.0,0.36,0.0488,0.59,0.346,198.154,jazz
1199.0,73.0,341054.0,0.562,0.0326,0.557,0.415,122.925,k-pop
15278.0,78.0,168227.0,0.826,0.234,0.163,0.4,140.037,k-pop
5916.0,83.0,177302.0,0.738,0.249,0.157,0.74,95.035,k-pop
12652.0,73.0,169566.0,0.752,0.0869,0.0861,0.388,95.043,k-pop
2785.0,80.0,229773.0,0.645,0.0845,0.0933,0.803,119.947,k-pop
13870.0,32.0,288020.0,0.273,0.0579,0.265,0.138,88.045,k-pop
15278.0,73.0,200689.0,0.804,0.0898,0.0267,0.854,150.076,k-pop
7309.0,77.0,142258.0,0.789,0.0424,0.604,0.877,124.029,k-pop
2783.0,79.0,207481.0,0.566,0.0424,0.00691,0.45,81.068,k-pop
1198.0,31.0,245000.0,0.42,0.0325,0.942,0.193,107.862,k-pop
7857.0,43.0,42466.0,0.711,0.238,0.451,0.851,119.027,kids
19169.0,52.0,222080.0,0.856,0.146,0.041,0.805,131.003,kids
28726.0,24.0,241173.0,0.717,0.0365,0.184,0.967,126.147,kids
7268.0,48.0,180244.0,0.625,0.0266,0.412,0.324,83.992,kids
5967.0,63.0,231360.0,0.785,0.237,0.191,0.861,71.774,kids
21127.0,49.0,140546.0,0.847,0.105,0.278,0.709,109.965,kids
7857.0,46.0,147133.0,0.587,0.0292,0.0991,0.963,108.453,kids
26907.0,50.0,184992.0,0.899,0.371,0.41,0.576,130.84,kids
3169.0,51.0,76888.0,0.8,0.293,0.276,0.487,135.034,kids
27466.0,38.0,67266.0,0.976,0.105,0.511,0.692,109.951,kids
6511.0,0.0,192477.0,0.812,0.0554,0.0789,0.573,90.04,latin
6513.0,8.0,182413.0,0.843,0.247,0.0028,0.571,125.071,latin
6524.0,0.0,193226.0,0.737,0.0594,0.11,0.656,93.989,latin
6511.0,5.0,192477.0,0.812,0.0554,0.0789,0.573,90.04,latin
6521.0,7.0,240266.0,0.771,0.155,0.11,0.858,163.978,latin
6511.0,2.0,192477.0,0.812,0.0554,0.0789,0.573,90.04,latin
6511.0,2.0,192477.0,0.812,0.0554,0.0789,0.573,90.04,latin
6511.0,3.0,192477.0,0.812,0.0554,0.0789,0.573,90.04,latin
6511.0,5.0,279613.0,0.734,0.0321,0.196,0.199,130.025,latin
6511.0,0.0,192477.0,0.812,0.0554,0.0789,0.573,90.04,latin
9306.0,6.0,171880.0,0.709,0.171,0.034,0.541,170.082,latino
9306.0,1.0,155533.0,0.876,0.139,0.0524,0.462,113.995,latino
9306.0,7.0,189613.0,0.735,0.124,0.18,0.561,171.883,latino
9306.0,4.0,171880.0,0.709,0.171,0.034,0.541,170.082,latino
9306.0,4.0,167760.0,0.705,0.0674,0.257,0.569,163.893,latino
9306.0,3.0,171880.0,0.709,0.171,0.034,0.541,170.082,latino
9306.0,2.0,171880.0,0.709,0.171,0.034,0.541,170.082,latino
9306.0,6.0,167760.0,0.705,0.0674,0.257,0.569,163.893,latino
9306.0,5.0,155960.0,0.865,0.0678,0.0863,0.563,94.999,latino
2859.0,0.0,210367.0,0.817,0.0621,0.0141,0.158,97.061,latino
17938.0,57.0,236143.0,0.707,0.234,0.537,0.612,187.927,malay
21534.0,58.0,167000.0,0.567,0.0502,0.684,0.21,120.014,malay
24401.0,53.0,116923.0,0.386,0.0412,0.921,0.389,155.988,malay
10909.0,53.0,153250.0,0.599,0.0352,0.462,0.184,129.991,malay
24015.0,49.0,318902.0,0.304,0.0332,0.68,0.128,150.011,malay
14135.0,58.0,323179.0,0.344,0.0361,0.833,0.525,83.927,malay
23917.0,51.0,294604.0,0.847,0.0718,0.42,0.436,99.996,malay
10909.0,56.0,267876.0,0.549,0.0288,0.863,0.506,129.866,malay
11531.0,56.0,192810.0,0.887,0.149,0.229,0.422,145.057,malay
14130.0,50.0,280832.0,0.577,0.0414,0.664,0.341,144.904,malay
12660.0,55.0,254800.0,0.56,0.0816,0.223,0.279,100.077,mandopop
31298.0,58.0,258786.0,0.643,0.037,0.0249,0.792,99.016,mandopop
13036.0,59.0,237346.0,0.689,0.0251,0.221,0.543,108.01,mandopop
26647.0,61.0,206586.0,0.476,0.0251,0.104,0.492,176.018,mandopop
13036.0,60.0,294240.0,0.456,0.0273,0.0133,0.3,133.917,mandopop
8840.0,64.0,259600.0,0.289,0.0332,0.624,0.531,169.511,mandopop
13036.0,64.0,269746.0,0.547,0.0242,0.276,0.399,137.13,mandopop
16514.0,51.0,153673.0,0.744,0.0394,0.612,0.564,98.005,mandopop
16515.0,46.0,194683.0,0.769,0.0416,0.0447,0.326,95.015,mandopop
30388.0,47.0,208178.0,0.711,0.0574,0.287,0.388,100.006,mandopop
10545.0,88.0,244804.0,0.466,0.0447,0.000235,0.561,130.02,metal
16049.0,85.0,216880.0,0.556,0.0584,0.00958,0.4,105.143,metal
4135.0,81.0,228146.0,0.15,0.0595,0.00201,0.354,170.527,metal
16049.0,83.0,185586.0,0.496,0.0381,0.0046,0.243,110.018,metal
11141.0,84.0,354520.0,0.454,0.0448,0.0866,0.629,125.116,metal
10545.0,3.0,244804.0,0.467,0.0451,0.000187,0.554,130.027,metal
10545.0,5.0,244804.0,0.467,0.0451,0.000187,0.554,130.027,metal
10545.0,0.0,244804.0,0.467,0.0451,0.000187,0.554,130.027,metal
10545.0,2.0,244804.0,0.467,0.0451,0.000187,0.554,130.027,metal
10545.0,0.0,244804.0,0.467,0.0451,0.000187,0.554,130.027,metal
25050.0,73.0,220799.0,0.459,0.0688,5.62e-05,0.494,144.852,metalcore
4135.0,81.0,228146.0,0.15,0.0595,0.00201,0.354,170.527,metalcore
27488.0,76.0,216826.0,0.448,0.0621,0.00353,0.226,144.17,metalcore
4135.0,72.0,222093.0,0.405,0.0844,0.000102,0.24,143.126,metalcore
4135.0,69.0,231106.0,0.54,0.0381,0.0765,0.506,90.012,metalcore
25050.0,66.0,90265.0,0.408,0.0546,1.68e-05,0.646,144.975,metalcore
20166.0,54.0,246400.0,0.227,0.0628,0.000218,0.143,74.824,metalcore
9287.0,62.0,225546.0,0.175,0.211,0.000145,0.303,184.066,metalcore
4135.0,69.0,207141.0,0.355,0.356,0.00234,0.259,159.922,metalcore
4136.0,72.0,220041.0,0.434,0.147,0.000207,0.428,92.541,metalcore
2113.0,59.0,328780.0,0.826,0.117,0.0154,0.0561,122.017,minimal-techno
12909.0,62.0,216699.0,0.709,0.0407,0.0458,0.113,124.027,minimal-techno
5357.0,57.0,346586.0,0.794,0.0486,0.674,0.171,119.994,minimal-techno
25532.0,28.0,221090.0,0.679,0.04,0.00634,0.258,120.007,minimal-techno
2113.0,45.0,321147.0,0.673,0.0552,0.0283,0.173,122.006,minimal-techno
19423.0,59.0,416000.0,0.461,0.0506,0.00142,0.0401,120.011,minimal-techno
386.0,53.0,213390.0,0.644,0.0388,0.0677,0.0462,128.017,minimal-techno
19429.0,51.0,332146.0,0.669,0.0376,0.00122,0.432,124.994,minimal-techno
13679.0,57.0,289268.0,0.687,0.0613,0.205,0.197,123.026,minimal-techno
19423.0,53.0,408595.0,0.879,0.112,0.00551,0.238,120.991,minimal-techno
23259.0,66.0,151565.0,0.765,0.0402,0.492,0.457,112.195,mpb
23259.0,65.0,89293.0,0.72,0.069,0.474,0.546,112.219,mpb
7691.0,49.0,259066.0,0.632,0.0401,0.756,0.652,119.567,mpb
19913.0,49.0,216446.0,0.61,0.0462,0.815,0.553,96.313,mpb
10071.0,50.0,273906.0,0.58,0.0295,0.596,0.373,136.408,mpb
28926.0,49.0,244426.0,0.357,0.043,0.848,0.263,168.139,mpb
15456.0,49.0,112052.0,0.819,0.303,0.378,0.809,130.099,mpb
13650.0,50.0,231866.0,0.581,0.0441,0.612,0.67,105.843,mpb
20660.0,51.0,200826.0,0.492,0.046,0.196,0.683,167.815,mpb
21088.0,52.0,207533.0,0.633,0.0427,0.00731,0.427,94.946,mpb
8776.0,62.0,255533.0,0.588,0.0338,0.0928,0.49,95.647,new-age
8214.0,62.0,235226.0,0.605,0.0337,0.0919,0.139,102.804,new-age
12757.0,55.0,269629.0,0.303,0.0467,0.972,0.218,162.93,new-age
8776.0,62.0,703133.0,0.611,0.0365,0.128,0.469,95.008,new-age
30139.0,60.0,191000.0,0.349,0.0463,0.992,0.0414,140.422,new-age
14447.0,30.0,432561.0,0.602,0.0352,0.0303,0.469,93.014,new-age
8776.0,59.0,260399.0,0.607,0.0354,0.0866,0.51,95.721,new-age
30139.0,71.0,188786.0,0.315,0.0514,0.987,0.116,145.195,new-age
8776.0,57.0,306066.0,0.488,0.0407,0.17,0.431,90.051,new-age
8776.0,55.0,301333.0,0.556,0.0478,0.0225,0.332,109.995,new-age
13717.0,61.0,292333.0,0.25,0.037,0.673,0.0981,118.086,opera
1536.0,26.0,281558.0,0.327,0.0291,0.928,0.15,69.66,opera
13726.0,1.0,236800.0,0.235,0.0353,0.915,0.0588,114.156,opera
1532.0,0.0,257680.0,0.358,0.0305,0.884,0.167,82.938,opera
1532.0,0.0,214151.0,0.347,0.0344,0.756,0.345,133.872,opera
1549.0,0.0,256880.0,0.168,0.0331,0.828,0.131,77.89,opera
1532.0,0.0,214151.0,0.347,0.0344,0.756,0.345,133.872,opera
10561.0,0.0,342893.0,0.15,0.0426,0.842,0.0553,83.844,opera
13720.0,1.0,210933.0,0.456,0.0302,0.914,0.259,110.009,opera
1549.0,0.0,256880.0,0.168,0.0331,0.828,0.131,77.89,opera
1830.0,2.0,157837.0,0.759,0.0384,0.0477,0.436,111.902,pagode
1830.0,0.0,157837.0,0.759,0.0384,0.0477,0.436,111.902,pagode
1830.0,0.0,157837.0,0.759,0.0384,0.0477,0.436,111.902,pagode
1824.0,2.0,135046.0,0.594,0.0387,0.00166,0.646,164.163,pagode
1824.0,0.0,193805.0,0.813,0.0847,0.15,0.397,91.988,pagode
1824.0,0.0,193805.0,0.813,0.0847,0.15,0.397,91.988,pagode
1824.0,0.0,193805.0,0.813,0.0847,0.15,0.397,91.988,pagode
1830.0,0.0,157837.0,0.759,0.0384,0.0477,0.436,111.902,pagode
1830.0,0.0,157837.0,0.759,0.0384,0.0477,0.436,111.902,pagode
1830.0,0.0,157837.0,0.759,0.0384,0.0477,0.436,111.902,pagode
11456.0,2.0,126133.0,0.702,0.0744,0.0232,0.348,112.516,party
7392.0,0.0,180157.0,0.666,0.0689,0.0307,0.832,141.913,party
6320.0,0.0,185437.0,0.442,0.0695,0.00134,0.388,140.082,party
13947.0,1.0,225882.0,0.607,0.0866,0.0412,0.404,136.036,party
6423.0,0.0,239053.0,0.635,0.069,0.0879,0.67,130.033,party
6423.0,0.0,239053.0,0.635,0.069,0.0879,0.67,130.033,party
6320.0,0.0,185437.0,0.442,0.0695,0.00134,0.388,140.082,party
28414.0,0.0,166346.0,0.547,0.314,0.0514,0.388,149.942,party
28414.0,0.0,166346.0,0.547,0.314,0.0514,0.388,149.942,party
7392.0,0.0,180157.0,0.666,0.0689,0.0307,0.832,141.913,party
20555.0,96.0,148485.0,0.704,0.0475,0.0826,0.825,139.994,piano
14468.0,90.0,298933.0,0.629,0.055,0.72,0.197,108.375,piano
20555.0,83.0,257266.0,0.664,0.0382,0.0654,0.477,122.016,piano
20555.0,0.0,148485.0,0.704,0.0475,0.0826,0.825,139.994,piano
20555.0,1.0,148485.0,0.704,0.0475,0.0826,0.825,139.994,piano
20555.0,0.0,148485.0,0.704,0.0475,0.0826,0.825,139.994,piano
20555.0,1.0,148485.0,0.704,0.0475,0.0826,0.825,139.994,piano
20555.0,2.0,148485.0,0.704,0.0475,0.0826,0.825,139.994,piano
20555.0,0.0,192947.0,0.685,0.0349,0.317,0.884,134.057,piano
20555.0,1.0,163854.0,0.697,0.034,0.137,0.774,140.069,piano
27723.0,91.0,200040.0,0.514,0.0598,0.00146,0.334,171.005,pop
10250.0,74.0,200120.0,0.535,0.0444,0.054,0.373,191.827,pop
389.0,83.0,177391.0,0.86,0.0325,0.165,0.952,114.984,pop
5271.0,96.0,184613.0,0.733,0.0427,0.0635,0.31,116.992,pop
27724.0,90.0,230453.0,0.679,0.276,0.141,0.486,186.003,pop
403.0,77.0,206060.0,0.796,0.0545,0.416,0.304,98.967,pop
18881.0,74.0,191868.0,0.724,0.0534,0.0533,0.0683,100.021,pop
4982.0,75.0,131077.0,0.847,0.0663,0.325,0.495,98.062,pop
1151.0,73.0,298986.0,0.662,0.0548,0.735,0.617,79.972,pop
21225.0,76.0,208000.0,0.772,0.143,0.0724,0.824,90.072,pop
10250.0,74.0,200120.0,0.535,0.0444,0.054,0.373,191.827,pop-film
2143.0,71.0,238369.0,0.481,0.0246,0.478,0.257,91.796,pop-film
1151.0,73.0,298986.0,0.662,0.0548,0.735,0.617,79.972,pop-film
2143.0,71.0,261974.0,0.528,0.025,0.785,0.317,94.058,pop-film
7432.0,71.0,190000.0,0.827,0.113,0.203,0.774,119.936,pop-film
2158.0,71.0,341823.0,0.417,0.0415,0.0726,0.207,169.92,pop-film
7432.0,74.0,189176.0,0.663,0.185,0.095,0.341,85.264,pop-film
24057.0,71.0,379768.0,0.586,0.0328,0.779,0.494,99.994,pop-film
29214.0,71.0,302935.0,0.695,0.0323,0.0744,0.864,118.034,pop-film
29217.0,72.0,333583.0,0.382,0.0411,0.391,0.716,78.936,pop-film
29534.0,78.0,200306.0,0.654,0.0288,0.00719,0.661,114.623,power-pop
13289.0,81.0,165853.0,0.643,0.0526,0.0371,0.903,162.152,power-pop
29534.0,4.0,208920.0,0.658,0.0244,0.000901,0.66,100.006,power-pop
29534.0,2.0,258825.0,0.635,0.0354,0.00743,0.451,151.779,power-pop
13289.0,0.0,173560.0,0.196,0.0519,0.0116,0.566,194.319,power-pop
29534.0,0.0,208920.0,0.658,0.0244,0.000901,0.66,100.006,power-pop
29534.0,0.0,258825.0,0.635,0.0354,0.00743,0.451,151.779,power-pop
13289.0,0.0,267493.0,0.532,0.0403,0.00131,0.715,126.042,power-pop
29534.0,0.0,124653.0,0.516,0.0393,0.00701,0.769,121.907,power-pop
29534.0,2.0,159226.0,0.555,0.0369,0.00264,0.775,121.141,power-pop
4543.0,81.0,222160.0,0.631,0.0332,0.199,0.465,123.962,progressive-house
17738.0,81.0,180822.0,0.52,0.0853,0.256,0.286,141.971,progressive-house
17734.0,85.0,154983.0,0.721,0.0403,0.00226,0.637,119.976,progressive-house
17723.0,83.0,214289.0,0.687,0.0452,0.191,0.671,100.015,progressive-house
17738.0,87.0,155588.0,0.912,0.0455,0.121,0.632,119.966,progressive-house
17750.0,56.0,175721.0,0.587,0.0552,0.0656,0.491,127.842,progressive-house
17731.0,77.0,172761.0,0.63,0.0457,0.00776,0.452,93.995,progressive-house
17815.0,69.0,221904.0,0.611,0.0553,0.124,0.13,105.969,progressive-house
17770.0,56.0,303040.0,0.676,0.0391,0.00149,0.0378,128.01,progressive-house
26332.0,80.0,212862.0,0.612,0.0509,0.112,0.438,129.042,progressive-house
18723.0,78.0,177493.0,0.546,0.0287,0.153,0.415,73.369,psych-rock
21545.0,77.0,334743.0,0.481,0.0414,0.735,0.375,122.861,psych-rock
21545.0,74.0,382296.0,0.472,0.0286,0.15,0.171,127.163,psych-rock
26983.0,82.0,185733.0,0.557,0.0347,0.0339,0.394,129.171,psych-rock
27175.0,0.0,471160.0,0.354,0.0382,0.0812,0.697,170.633,psych-rock
26980.0,5.0,173040.0,0.524,0.0299,0.253,0.482,117.108,psych-rock
26980.0,1.0,218733.0,0.398,0.0354,0.365,0.353,132.985,psych-rock
26980.0,1.0,114551.0,0.426,0.0335,0.353,0.937,181.752,psych-rock
26980.0,0.0,154466.0,0.374,0.036,0.718,0.677,125.17,psych-rock
26980.0,0.0,118840.0,0.602,0.0328,0.108,0.971,130.594,psych-rock
26273.0,86.0,147062.0,0.345,0.0466,3.84e-05,0.407,179.626,punk
4459.0,79.0,208760.0,0.636,0.0263,0.0807,0.273,113.98,punk
10965.0,77.0,262333.0,0.496,0.0294,0.00552,0.474,167.06,punk
10965.0,51.0,322040.0,0.26,0.0364,0.048,0.419,159.072,punk
10965.0,78.0,285653.0,0.546,0.0314,0.023,0.146,104.98,punk
30707.0,4.0,227813.0,0.652,0.0345,0.000761,0.641,110.011,punk
29522.0,49.0,226330.0,0.512,0.0251,0.0724,0.249,85.024,punk
19277.0,2.0,161920.0,0.459,0.0626,0.0506,0.855,111.682,punk
19277.0,6.0,360760.0,0.363,0.0552,0.000582,0.198,150.15,punk
21003.0,1.0,296520.0,0.606,0.0987,0.154,0.671,103.985,punk
4459.0,79.0,208760.0,0.636,0.0263,0.0807,0.273,113.98,punk-rock
29522.0,49.0,226330.0,0.512,0.0251,0.0724,0.249,85.024,punk-rock
30707.0,3.0,42440.0,0.409,0.115,0.02,0.962,172.715,punk-rock
30707.0,2.0,198093.0,0.347,0.0913,0.00196,0.66,200.025,punk-rock
30707.0,0.0,257519.0,0.532,0.0581,2.41e-05,0.547,103.511,punk-rock
30707.0,0.0,257519.0,0.532,0.0581,2.41e-05,0.547,103.511,punk-rock
30707.0,4.0,227813.0,0.652,0.0345,0.000761,0.641,110.011,punk-rock
1229.0,0.0,199253.0,0.574,0.0685,0.0141,0.788,128.034,punk-rock
1229.0,0.0,199253.0,0.574,0.0685,0.0141,0.788,128.034,punk-rock
30707.0,0.0,42440.0,0.409,0.115,0.02,0.962,172.715,punk-rock
15951.0,81.0,205458.0,0.907,0.0539,0.451,0.202,104.949,r-n-b
15950.0,76.0,162453.0,0.857,0.112,0.281,0.366,130.033,r-n-b
3260.0,80.0,180055.0,0.65,0.0393,0.57,0.605,118.068,r-n-b
21133.0,69.0,154733.0,0.547,0.0307,0.747,0.474,115.838,r-n-b
14468.0,90.0,298933.0,0.629,0.055,0.72,0.197,108.375,r-n-b
15950.0,78.0,224000.0,0.567,0.247,0.354,0.321,120.1,r-n-b
15950.0,79.0,135264.0,0.684,0.121,0.159,0.407,143.049,r-n-b
5925.0,75.0,184760.0,0.522,0.0379,0.000164,0.0364,137.939,r-n-b
25357.0,81.0,123986.0,0.829,0.187,0.492,0.638,80.511,r-n-b
25358.0,81.0,148816.0,0.808,0.338,0.827,0.675,77.471,r-n-b
9306.0,2.0,155533.0,0.876,0.139,0.0524,0.462,113.995,reggae
9306.0,6.0,171880.0,0.709,0.171,0.034,0.541,170.082,reggae
9306.0,7.0,189613.0,0.735,0.124,0.18,0.561,171.883,reggae
9306.0,4.0,171880.0,0.709,0.171,0.034,0.541,170.082,reggae
9306.0,8.0,166253.0,0.647,0.249,0.0451,0.517,180.108,reggae
9306.0,4.0,167760.0,0.705,0.0674,0.257,0.569,163.893,reggae
9306.0,2.0,171880.0,0.709,0.171,0.034,0.541,170.082,reggae
9306.0,3.0,171880.0,0.709,0.171,0.034,0.541,170.082,reggae
9306.0,3.0,167760.0,0.705,0.0674,0.257,0.569,163.893,reggae
9306.0,7.0,167760.0,0.705,0.0674,0.257,0.569,163.893,reggae
9306.0,6.0,171880.0,0.709,0.171,0.034,0.541,170.082,reggaeton
9306.0,8.0,166253.0,0.647,0.249,0.0451,0.517,180.108,reggaeton
9306.0,7.0,189613.0,0.735,0.124,0.18,0.561,171.883,reggaeton
9306.0,7.0,167760.0,0.705,0.0674,0.257,0.569,163.893,reggaeton
9306.0,4.0,167760.0,0.705,0.0674,0.257,0.569,163.893,reggaeton
9306.0,2.0,171880.0,0.709,0.171,0.034,0.541,170.082,reggaeton
9306.0,3.0,167760.0,0.705,0.0674,0.257,0.569,163.893,reggaeton
9306.0,3.0,171880.0,0.709,0.171,0.034,0.541,170.082,reggaeton
9310.0,3.0,272800.0,0.741,0.281,0.291,0.713,186.096,reggaeton
9306.0,3.0,155960.0,0.865,0.0678,0.0863,0.563,94.999,reggaeton
3155.0,90.0,196784.0,0.572,0.0377,0.013,0.465,143.969,rock
2095.0,92.0,183956.0,0.464,0.0256,0.136,0.479,67.528,rock
27421.0,93.0,240400.0,0.612,0.0336,0.0495,0.398,124.053,rock
20555.0,96.0,148485.0,0.704,0.0475,0.0826,0.825,139.994,rock
9240.0,70.0,287573.0,0.78,0.0851,0.455,0.788,124.007,rock
13074.0,85.0,237720.0,0.671,0.0444,0.148,0.494,121.963,rock
20843.0,77.0,232906.0,0.606,0.0261,0.0128,0.638,103.014,rock
27358.0,67.0,233630.0,0.512,0.0271,0.0265,0.351,145.957,rock
5365.0,81.0,285120.0,0.421,0.0267,0.309,0.161,139.028,rock
14468.0,90.0,298933.0,0.629,0.055,0.72,0.197,108.375,rock
8647.0,80.0,182360.0,0.396,0.0275,0.941,0.343,100.307,rock-n-roll
3260.0,80.0,180055.0,0.65,0.0393,0.57,0.605,118.068,rock-n-roll
21133.0,69.0,154733.0,0.547,0.0307,0.747,0.474,115.838,rock-n-roll
27561.0,75.0,218013.0,0.339,0.0308,0.396,0.288,98.54,rock-n-roll
8647.0,72.0,146933.0,0.623,0.0726,0.332,0.905,166.885,rock-n-roll
8647.0,76.0,261279.0,0.487,0.0309,0.0422,0.714,116.557,rock-n-roll
3260.0,0.0,180055.0,0.65,0.0393,0.57,0.604,118.087,rock-n-roll
8647.0,0.0,128080.0,0.506,0.0324,0.83,0.596,94.494,rock-n-roll
5417.0,0.0,162897.0,0.647,0.185,0.881,0.949,151.925,rock-n-roll
5417.0,0.0,162897.0,0.647,0.185,0.881,0.949,151.925,rock-n-roll
8647.0,80.0,182360.0,0.396,0.0275,0.941,0.343,100.307,rockabilly
27561.0,75.0,218013.0,0.339,0.0308,0.396,0.288,98.54,rockabilly
8647.0,73.0,218440.0,0.358,0.0324,0.746,0.495,181.183,rockabilly
5417.0,76.0,161560.0,0.534,0.0743,0.741,0.969,167.983,rockabilly
23494.0,73.0,178933.0,0.619,0.0342,0.712,0.958,127.433,rockabilly
8647.0,76.0,261279.0,0.487,0.0309,0.0422,0.714,116.557,rockabilly
8647.0,72.0,146933.0,0.623,0.0726,0.332,0.905,166.885,rockabilly
8647.0,0.0,128080.0,0.506,0.0324,0.83,0.596,94.494,rockabilly
5417.0,0.0,162897.0,0.647,0.185,0.881,0.949,151.925,rockabilly
5417.0,0.0,162897.0,0.647,0.185,0.881,0.949,151.925,rockabilly
12213.0,34.0,342204.0,0.342,0.0302,0.649,0.185,140.567,romance
12213.0,32.0,512365.0,0.665,0.0297,0.577,0.544,111.057,romance
18128.0,31.0,177706.0,0.334,0.0319,0.872,0.205,108.419,romance
28896.0,35.0,206158.0,0.503,0.0299,0.216,0.523,110.985,romance
18128.0,31.0,194089.0,0.53,0.0532,0.897,0.666,144.019,romance
10487.0,34.0,138005.0,0.67,0.0928,0.347,0.437,125.718,romance
12213.0,11.0,512365.0,0.665,0.0297,0.577,0.544,111.057,romance
12213.0,12.0,228466.0,0.728,0.238,0.702,0.905,66.156,romance
28883.0,30.0,170613.0,0.445,0.0577,0.93,0.214,136.231,romance
1083.0,28.0,184699.0,0.545,0.0475,0.992,0.419,91.62,romance
21785.0,83.0,173333.0,0.726,0.135,0.731,0.348,144.026,sad
14853.0,80.0,179080.0,0.498,0.188,0.72,0.0895,118.917,sad
5134.0,83.0,122517.0,0.624,0.0495,0.82,0.298,143.249,sad
179.0,79.0,122221.0,0.845,0.268,0.872,0.482,109.996,sad
104.0,76.0,137806.0,0.835,0.342,0.757,0.31,154.973,sad
16740.0,65.0,197368.0,0.639,0.0378,0.295,0.363,76.004,sad
104.0,74.0,180138.0,0.98,0.101,0.671,0.764,119.993,sad
30822.0,71.0,155951.0,0.819,0.062,0.0585,0.118,121.966,sad
31091.0,60.0,162726.0,0.543,0.0319,0.94,0.13,113.107,sad
14854.0,65.0,140571.0,0.732,0.111,0.747,0.185,139.965,sad
9819.0,0.0,302093.0,0.823,0.0492,0.201,0.96,95.484,salsa
17457.0,0.0,286133.0,0.545,0.0868,0.546,0.891,177.086,salsa
9819.0,0.0,281186.0,0.591,0.0486,0.495,0.928,95.521,salsa
17457.0,1.0,388360.0,0.474,0.115,0.633,0.671,91.09,salsa
11107.0,47.0,267389.0,0.775,0.0481,0.283,0.707,167.0,salsa
17457.0,2.0,296026.0,0.607,0.0372,0.654,0.901,93.295,salsa
9819.0,0.0,302093.0,0.823,0.0492,0.201,0.96,95.484,salsa
9819.0,3.0,281186.0,0.591,0.0486,0.495,0.928,95.521,salsa
9819.0,0.0,302093.0,0.823,0.0492,0.201,0.96,95.484,salsa
9819.0,0.0,302093.0,0.823,0.0492,0.201,0.96,95.484,salsa
19983.0,43.0,328295.0,0.735,0.122,0.256,0.8,115.984,samba
6329.0,40.0,223791.0,0.59,0.131,0.0147,0.636,79.987,samba
3527.0,42.0,197879.0,0.598,0.111,0.0242,0.704,128.558,samba
23548.0,37.0,257279.0,0.618,0.0684,0.0295,0.85,83.249,samba
23550.0,38.0,345495.0,0.43,0.392,0.29,0.363,113.837,samba
18894.0,36.0,197189.0,0.552,0.0245,0.799,0.237,92.567,samba
19985.0,37.0,298554.0,0.402,0.203,0.0763,0.641,82.982,samba
3594.0,38.0,202899.0,0.654,0.117,0.482,0.626,142.979,samba
2191.0,51.0,274320.0,0.502,0.068,0.641,0.708,153.848,samba
14483.0,52.0,243226.0,0.665,0.0326,0.503,0.926,134.139,samba
9013.0,56.0,236382.0,0.614,0.0366,0.656,0.773,147.976,sertanejo
21597.0,57.0,194168.0,0.667,0.0381,0.524,0.962,179.895,sertanejo
13157.0,55.0,275600.0,0.31,0.0501,0.416,0.583,145.331,sertanejo
13795.0,60.0,148374.0,0.652,0.0517,0.781,0.776,152.966,sertanejo
28585.0,63.0,184622.0,0.617,0.0988,0.505,0.72,171.864,sertanejo
7889.0,57.0,219130.0,0.599,0.0408,0.827,0.452,139.902,sertanejo
11925.0,62.0,137957.0,0.582,0.0947,0.538,0.661,155.907,sertanejo
8853.0,61.0,177531.0,0.624,0.0644,0.129,0.836,149.887,sertanejo
7401.0,56.0,186469.0,0.475,0.0405,0.762,0.509,94.756,sertanejo
17940.0,56.0,189400.0,0.569,0.0874,0.0481,0.484,109.779,sertanejo
16267.0,75.0,207786.0,0.277,0.0336,0.423,0.227,86.777,show-tunes
18385.0,64.0,175593.0,0.395,0.034,0.225,0.131,121.04,show-tunes
12196.0,70.0,260906.0,0.321,0.0302,0.724,0.174,123.419,show-tunes
30420.0,74.0,217440.0,0.684,0.0386,0.0716,0.284,125.046,show-tunes
30420.0,74.0,217440.0,0.684,0.0386,0.0716,0.284,125.046,show-tunes
30595.0,74.0,269453.0,0.265,0.0569,0.243,0.0998,54.747,show-tunes
12193.0,73.0,194848.0,0.323,0.0413,0.849,0.274,145.104,show-tunes
12192.0,75.0,223840.0,0.543,0.0305,0.558,0.371,136.961,show-tunes
2539.0,49.0,163386.0,0.571,0.0499,0.649,0.108,83.72,show-tunes
19622.0,72.0,213600.0,0.408,0.137,0.617,0.725,170.013,show-tunes
25910.0,89.0,177720.0,0.539,0.0288,0.727,0.227,101.358,singer-songwriter
2007.0,71.0,217241.0,0.6,0.0292,0.871,0.342,86.97,singer-songwriter
25911.0,80.0,176440.0,0.551,0.0286,0.777,0.342,101.19,singer-songwriter
5564.0,77.0,204093.0,0.422,0.0351,0.877,0.223,77.213,singer-songwriter
21810.0,55.0,216885.0,0.362,0.0589,0.015,0.431,187.291,singer-songwriter
21810.0,61.0,281218.0,0.509,0.0262,0.309,0.283,146.031,singer-songwriter
21810.0,70.0,197549.0,0.558,0.0256,0.0285,0.444,107.047,singer-songwriter
24085.0,57.0,225391.0,0.776,0.0308,0.592,0.774,115.008,singer-songwriter
25910.0,81.0,176666.0,0.346,0.0388,0.757,0.191,202.466,singer-songwriter
21810.0,57.0,213306.0,0.62,0.0355,0.896,0.477,127.96,singer-songwriter
27451.0,81.0,177826.0,0.55,0.0638,0.00428,0.601,126.115,ska
26121.0,1.0,183200.0,0.665,0.041,0.0209,0.58,90.376,ska
329.0,2.0,238106.0,0.286,0.091,0.00231,0.127,99.762,ska
16291.0,0.0,165186.0,0.706,0.0598,0.242,0.545,99.776,ska
329.0,2.0,238106.0,0.286,0.091,0.00231,0.127,99.762,ska
20930.0,49.0,218280.0,0.411,0.0629,0.00312,0.668,102.972,ska
329.0,0.0,238106.0,0.286,0.091,0.00231,0.127,99.762,ska
329.0,0.0,238106.0,0.286,0.091,0.00231,0.127,99.762,ska
329.0,0.0,238106.0,0.286,0.091,0.00231,0.127,99.762,ska
16410.0,0.0,336933.0,0.676,0.051,0.00565,0.725,90.232,ska
11934.0,71.0,193239.0,0.111,0.0424,0.957,0.0459,76.153,sleep
25495.0,74.0,172357.0,0.0685,0.0418,0.99,0.0581,73.644,sleep
16117.0,71.0,143052.0,0.102,0.0476,0.797,0.0591,89.605,sleep
29612.0,0.0,157024.0,0.24,0.076,0.995,0.0358,138.009,sleep
29612.0,0.0,180000.0,0.135,0.0507,0.968,0.0346,141.93,sleep
29612.0,0.0,68624.0,0.199,0.0496,0.994,0.0348,138.752,sleep
29612.0,0.0,68624.0,0.199,0.0496,0.994,0.0348,138.752,sleep
29612.0,0.0,154010.0,0.205,0.0944,0.988,0.0328,131.405,sleep
29612.0,0.0,205944.0,0.209,0.0631,0.816,0.0328,142.801,sleep
29612.0,0.0,186707.0,0.334,0.0343,0.855,0.0319,30.2,sleep
25910.0,89.0,177720.0,0.539,0.0288,0.727,0.227,101.358,songwriter
2007.0,71.0,217241.0,0.6,0.0292,0.871,0.342,86.97,songwriter
25911.0,80.0,176440.0,0.551,0.0286,0.777,0.342,101.19,songwriter
5564.0,77.0,204093.0,0.422,0.0351,0.877,0.223,77.213,songwriter
21810.0,61.0,281218.0,0.509,0.0262,0.309,0.283,146.031,songwriter
21810.0,55.0,216885.0,0.362,0.0589,0.015,0.431,187.291,songwriter
21810.0,70.0,197549.0,0.558,0.0256,0.0285,0.444,107.047,songwriter
25910.0,81.0,176666.0,0.346,0.0388,0.757,0.191,202.466,songwriter
21810.0,57.0,213306.0,0.62,0.0355,0.896,0.477,127.96,songwriter
24085.0,57.0,225391.0,0.776,0.0308,0.592,0.774,115.008,songwriter
479.0,79.0,222576.0,0.551,0.0559,0.509,0.207,103.118,soul
21551.0,74.0,170344.0,0.813,0.0349,0.777,0.667,91.921,soul
642.0,80.0,242973.0,0.603,0.0249,0.00408,0.446,107.993,soul
642.0,84.0,224694.0,0.604,0.0282,0.578,0.13,141.981,soul
6718.0,77.0,171692.0,0.767,0.0413,0.0324,0.579,130.007,soul
642.0,81.0,285240.0,0.556,0.0281,0.893,0.294,135.187,soul
21551.0,76.0,170344.0,0.813,0.0349,0.777,0.667,91.921,soul
13493.0,85.0,269560.0,0.422,0.0322,0.922,0.331,119.93,soul
20901.0,87.0,232893.0,0.566,0.0818,0.0958,0.304,90.99,soul
642.0,81.0,228093.0,0.73,0.0298,0.138,0.507,104.948,soul
4873.0,62.0,214200.0,0.427,0.0353,0.102,0.298,99.753,spanish
16200.0,2.0,174801.0,0.795,0.0444,0.162,0.549,105.992,spanish
16200.0,0.0,174801.0,0.795,0.0444,0.162,0.549,105.992,spanish
820.0,0.0,181978.0,0.48,0.0412,0.169,0.452,89.89,spanish
16200.0,0.0,174801.0,0.795,0.0444,0.162,0.549,105.992,spanish
815.0,4.0,213666.0,0.796,0.158,0.0744,0.663,180.03,spanish
811.0,0.0,226213.0,0.394,0.0326,0.795,0.167,89.222,spanish
6825.0,0.0,265226.0,0.559,0.0299,0.583,0.305,129.945,spanish
819.0,0.0,207333.0,0.781,0.0399,0.0903,0.803,128.007,spanish
16200.0,4.0,174801.0,0.795,0.0444,0.162,0.549,105.992,spanish
26583.0,53.0,173333.0,0.657,0.199,0.751,0.401,90.076,study
20268.0,49.0,104433.0,0.67,0.141,0.57,0.1,83.03,study
133.0,50.0,121600.0,0.736,0.0528,0.0361,0.587,112.509,study
13564.0,47.0,121875.0,0.797,0.106,0.576,0.379,80.014,study
30845.0,47.0,161032.0,0.496,0.323,0.947,0.341,77.168,study
23992.0,50.0,157356.0,0.689,0.04,0.825,0.564,86.992,study
3171.0,49.0,138000.0,0.733,0.12,0.919,0.744,160.015,study
20674.0,48.0,155454.0,0.737,0.11,0.909,0.169,87.981,study
30814.0,46.0,164337.0,0.704,0.0636,0.4,0.597,84.002,study
25467.0,48.0,150000.0,0.726,0.049,0.841,0.726,80.018,study
16775.0,74.0,139840.0,0.789,0.0709,0.323,0.631,134.055,swedish
28301.0,53.0,209160.0,0.733,0.0315,0.0703,0.348,110.003,swedish
30463.0,77.0,201122.0,0.694,0.046,0.132,0.799,98.023,swedish
313.0,82.0,292613.0,0.749,0.0403,0.02,0.536,119.528,swedish
16775.0,74.0,168810.0,0.797,0.0594,0.471,0.436,111.014,swedish
30797.0,74.0,218883.0,0.713,0.0295,0.841,0.235,102.963,swedish
23025.0,76.0,129589.0,0.639,0.0301,0.0223,0.0996,103.966,swedish
313.0,78.0,260893.0,0.719,0.0338,0.523,0.964,133.113,swedish
23024.0,64.0,179030.0,0.479,0.133,0.499,0.74,75.113,swedish
23027.0,54.0,178983.0,0.499,0.143,0.261,0.446,159.238,swedish
28301.0,76.0,209160.0,0.733,0.0315,0.0703,0.348,110.003,synth-pop
26713.0,87.0,251488.0,0.645,0.0527,0.347,0.535,112.067,synth-pop
28301.0,53.0,209160.0,0.733,0.0315,0.0703,0.348,110.003,synth-pop
28301.0,67.0,238426.0,0.736,0.0338,0.0966,0.114,119.999,synth-pop
6010.0,77.0,280400.0,0.625,0.0444,0.0158,0.507,124.945,synth-pop
28301.0,70.0,231333.0,0.724,0.0342,0.00134,0.163,105.0,synth-pop
29574.0,74.0,262960.0,0.735,0.0293,0.189,0.947,107.682,synth-pop
28301.0,75.0,185875.0,0.816,0.0733,0.0283,0.534,118.014,synth-pop
8964.0,82.0,216933.0,0.692,0.0317,0.225,0.875,125.135,synth-pop
29574.0,80.0,231333.0,0.62,0.0423,0.271,0.897,81.548,synth-pop
4715.0,32.0,123626.0,0.525,0.06,0.996,0.672,82.111,tango
18617.0,28.0,156223.0,0.435,0.0598,0.875,0.488,90.889,tango
23181.0,37.0,266373.0,0.423,0.263,0.928,0.389,72.184,tango
2015.0,31.0,158533.0,0.479,0.0406,0.981,0.55,120.416,tango
1403.0,28.0,221934.0,0.383,0.0442,0.826,0.14,78.434,tango
21306.0,30.0,114056.0,0.678,0.05,0.992,0.647,117.976,tango
13987.0,33.0,228208.0,0.431,0.0592,0.961,0.453,115.706,tango
13987.0,31.0,167773.0,0.375,0.0608,0.924,0.469,116.841,tango
690.0,29.0,179400.0,0.434,0.36,0.815,0.51,87.765,tango
11926.0,32.0,152215.0,0.713,0.0459,0.913,0.793,119.533,tango
10531.0,85.0,202093.0,0.658,0.0363,0.0933,0.166,100.966,techno
8072.0,72.0,206320.0,0.686,0.0431,0.00637,0.557,115.026,techno
26545.0,70.0,336960.0,0.631,0.0348,0.341,0.861,103.376,techno
30512.0,76.0,210090.0,0.69,0.0622,0.253,0.544,102.04,techno
30524.0,68.0,210901.0,0.693,0.0378,0.399,0.574,185.913,techno
2113.0,59.0,328780.0,0.826,0.117,0.0154,0.0561,122.017,techno
30528.0,75.0,206000.0,0.687,0.0499,0.351,0.649,128.15,techno
30529.0,80.0,184732.0,0.753,0.0449,0.171,0.437,107.01,techno
22672.0,57.0,331240.0,0.741,0.0383,0.0392,0.174,107.983,techno
30526.0,57.0,204583.0,0.718,0.0494,0.027,0.54,108.018,techno
28032.0,82.0,164000.0,0.798,0.232,0.414,0.235,120.031,trance
2264.0,66.0,215773.0,0.592,0.0659,0.00608,0.211,103.517,trance
3739.0,48.0,365714.0,0.539,0.0639,0.00656,0.318,147.039,trance
430.0,78.0,150052.0,0.669,0.112,0.194,0.517,125.993,trance
28047.0,84.0,140500.0,0.77,0.0583,0.198,0.513,119.986,trance
28034.0,86.0,164818.0,0.754,0.0435,0.0301,0.464,117.953,trance
28038.0,84.0,129817.0,0.748,0.177,0.00445,0.717,123.045,trance
24014.0,46.0,375012.0,0.555,0.132,0.00825,0.101,145.002,trance
24008.0,53.0,385012.0,0.614,0.0584,0.00819,0.182,149.917,trance
28038.0,0.0,129817.0,0.748,0.177,0.00445,0.717,123.045,trance
21734.0,71.0,308626.0,0.51,0.0361,0.177,0.207,119.695,trip-hop
9096.0,54.0,196760.0,0.617,0.0951,0.181,0.714,167.948,trip-hop
12032.0,67.0,213373.0,0.392,0.0418,0.076,0.101,152.734,trip-hop
6334.0,66.0,232000.0,0.641,0.264,0.0351,0.718,171.811,trip-hop
6331.0,37.0,302333.0,0.529,0.0367,0.0597,0.735,167.061,trip-hop
9096.0,60.0,196760.0,0.616,0.11,0.194,0.72,167.99,trip-hop
3914.0,57.0,237546.0,0.529,0.0718,0.0237,0.138,124.75,trip-hop
3921.0,56.0,210280.0,0.655,0.0433,0.569,0.255,140.022,trip-hop
6334.0,62.0,232533.0,0.699,0.236,0.13,0.691,171.877,trip-hop
9174.0,60.0,155000.0,0.598,0.0523,0.0444,0.115,126.015,trip-hop
24677.0,67.0,172008.0,0.598,0.0429,0.0879,0.0673,147.84,turkish
15963.0,0.0,186461.0,0.802,0.12,0.629,0.665,129.899,turkish
24677.0,51.0,215973.0,0.59,0.0271,0.0396,0.0392,100.987,turkish
24681.0,53.0,201775.0,0.58,0.0363,0.00695,0.0925,112.991,turkish
12274.0,52.0,210146.0,0.795,0.0506,0.0812,0.2,108.001,turkish
28708.0,66.0,171880.0,0.966,0.0837,0.138,0.186,115.05,turkish
24683.0,47.0,177272.0,0.42,0.176,0.0768,0.0898,193.928,turkish
15963.0,0.0,186461.0,0.802,0.12,0.629,0.665,129.899,turkish
12275.0,70.0,212280.0,0.771,0.0604,0.142,0.185,100.012,turkish
24678.0,43.0,202909.0,0.629,0.0581,0.022,0.0989,109.841,turkish
11746.0,66.0,240200.0,0.417,0.0296,0.212,0.144,135.923,world-music
18006.0,66.0,342493.0,0.431,0.0274,0.452,0.367,145.22,world-music
5783.0,70.0,333386.0,0.572,0.0356,0.0291,0.232,110.698,world-music
3406.0,61.0,456480.0,0.37,0.0392,0.953,0.183,110.424,world-music
15712.0,64.0,206440.0,0.468,0.0296,0.0149,0.222,144.045,world-music
5317.0,63.0,285160.0,0.509,0.0295,0.00998,0.216,105.066,world-music
21067.0,57.0,339493.0,0.378,0.0323,0.0182,0.172,135.968,world-music
11746.0,56.0,198704.0,0.377,0.0404,0.0041,0.299,171.908,world-music
30800.0,64.0,229760.0,0.597,0.0502,0.395,0.263,143.839,world-music
11760.0,63.0,568791.0,0.379,0.0281,0.293,0.0871,140.937,world-music
