explicit,danceability,energy,speechiness,acousticness,instrumentalness,liveness,valence,time_signature,track_genre
0.0,0.676,0.461,0.143,0.0322,1.01e-06,0.358,0.715,4.0,0
0.0,0.42,0.166,0.0763,0.924,5.56e-06,0.101,0.267,4.0,0
0.0,0.438,0.359,0.0557,0.21,0.0,0.117,0.12,4.0,0
0.0,0.266,0.0596,0.0363,0.905,7.07e-05,0.132,0.143,3.0,0
0.0,0.618,0.443,0.0526,0.469,0.0,0.0829,0.167,4.0,0
0.0,0.688,0.481,0.105,0.289,0.0,0.189,0.666,4.0,0
0.0,0.407,0.147,0.0355,0.857,2.89e-06,0.0913,0.0765,3.0,0
0.0,0.703,0.444,0.0417,0.559,0.0,0.0973,0.712,4.0,0
0.0,0.625,0.414,0.0369,0.294,0.0,0.151,0.669,4.0,0
0.0,0.442,0.632,0.0295,0.426,0.00419,0.0735,0.196,4.0,0
0.0,0.443,0.778,0.266,0.241,0.0,0.215,0.628,5.0,1
0.0,0.58,0.8,0.345,0.281,0.0,0.0708,0.483,4.0,1
0.0,0.805,0.746,0.185,0.238,0.0,0.215,0.717,4.0,1
0.0,0.582,0.66,0.0544,0.399,0.0,0.127,0.484,4.0,1
0.0,0.776,0.314,0.034,0.881,0.000723,0.139,0.476,4.0,1
0.0,0.711,0.515,0.0514,0.679,0.000324,0.0971,0.679,4.0,1
0.0,0.637,0.818,0.281,0.19,0.0,0.102,0.599,4.0,1
0.0,0.79,0.814,0.0268,0.243,0.0102,0.528,0.914,4.0,1
0.0,0.797,0.609,0.131,0.00375,0.0191,0.128,0.913,4.0,1
0.0,0.506,0.876,0.316,0.194,1.86e-06,0.353,0.676,5.0,1
0.0,0.588,0.521,0.0329,0.0678,0.149,0.123,0.337,4.0,2
0.0,0.705,0.712,0.0385,0.0102,0.000855,0.1,0.62,4.0,2
0.0,0.575,0.568,0.03,0.0484,0.000417,0.286,0.37,4.0,2
0.0,0.612,0.807,0.0336,0.0495,0.0177,0.101,0.398,4.0,2
0.0,0.551,0.881,0.0542,0.186,0.0791,0.152,0.387,4.0,2
0.0,0.573,0.539,0.0322,0.0162,1.16e-05,0.105,0.39,4.0,2
0.0,0.427,0.201,0.0317,0.745,0.263,0.109,0.0668,4.0,2
0.0,0.489,0.505,0.117,0.579,0.000333,0.104,0.337,4.0,2
0.0,0.485,0.843,0.0467,0.00129,1.01e-05,0.14,0.602,4.0,2
0.0,0.502,0.912,0.0564,2.55e-05,0.000173,0.106,0.72,4.0,2
0.0,0.588,0.521,0.0329,0.0678,0.149,0.123,0.337,4.0,3
1.0,0.87,0.523,0.0602,0.433,2.07e-05,0.113,0.319,4.0,3
0.0,0.575,0.568,0.03,0.0484,0.000417,0.286,0.37,4.0,3
0.0,0.612,0.807,0.0336,0.0495,0.0177,0.101,0.398,4.0,3
1.0,0.695,0.54,0.0493,0.299,0.0,0.367,0.415,4.0,3
1.0,0.773,0.47,0.0299,0.0153,0.000193,0.0851,0.399,4.0,3
0.0,0.556,0.864,0.0584,0.00958,0.0,0.209,0.4,4.0,3
0.0,0.496,0.863,0.0381,0.0046,0.0,0.639,0.243,4.0,3
1.0,0.855,0.463,0.0367,0.217,1.77e-05,0.347,0.866,4.0,3
0.0,0.7,0.49,0.076,0.186,0.0,0.117,0.569,4.0,3
0.0,0.454,0.4,0.0265,0.139,0.846,0.137,0.327,4.0,4
1.0,0.521,0.298,0.026,0.754,0.46,0.11,0.232,4.0,4
0.0,0.37,0.467,0.0273,0.0205,0.572,0.109,0.182,4.0,4
0.0,0.406,0.399,0.0278,0.756,0.678,0.112,0.163,4.0,4
0.0,0.45,0.511,0.0276,0.353,0.766,0.139,0.115,4.0,4
0.0,0.405,0.479,0.0301,0.0527,0.795,0.0974,0.131,4.0,4
0.0,0.484,0.457,0.0456,0.406,0.646,0.297,0.187,4.0,4
0.0,0.409,0.223,0.0296,0.947,0.0123,0.0635,0.173,4.0,4
0.0,0.307,0.371,0.0288,0.923,0.0253,0.11,0.189,3.0,4
0.0,0.508,0.33,0.0265,0.259,0.154,0.114,0.101,4.0,4
0.0,0.541,0.846,0.0551,0.0122,0.000149,0.163,0.524,4.0,5
0.0,0.436,0.934,0.0507,1.03e-05,0.14,0.321,0.384,4.0,5
0.0,0.577,0.941,0.105,0.00207,3.36e-06,0.0891,0.292,4.0,5
0.0,0.508,0.889,0.0862,0.0495,0.0,0.0984,0.332,4.0,5
0.0,0.691,0.773,0.0494,0.0174,0.000451,0.117,0.502,4.0,5
0.0,0.584,0.911,0.09,0.0119,0.0,0.119,0.606,4.0,5
0.0,0.593,0.935,0.0684,0.00221,0.0,0.315,0.618,4.0,5
0.0,0.6,0.713,0.0592,0.0642,0.0,0.142,0.471,4.0,5
0.0,0.159,0.197,0.0312,0.505,0.94,0.127,0.125,3.0,5
0.0,0.536,0.966,0.0558,0.121,0.0,0.0477,0.849,4.0,5
0.0,0.428,0.972,0.0666,7.16e-05,0.0736,0.0787,0.225,4.0,6
1.0,0.25,0.952,0.209,2.45e-05,0.0135,0.0892,0.126,3.0,6
0.0,0.468,0.913,0.072,0.0265,0.0769,0.0787,0.187,4.0,6
0.0,0.144,0.466,0.0522,0.686,0.423,0.0764,0.0737,4.0,6
0.0,0.462,0.905,0.0438,0.00066,0.0402,0.0839,0.253,3.0,6
0.0,0.174,0.664,0.0789,0.00128,0.264,0.0543,0.0371,3.0,6
0.0,0.219,0.908,0.1,1.92e-06,0.933,0.319,0.208,3.0,6
0.0,0.571,0.853,0.0303,3.37e-05,0.126,0.0919,0.648,4.0,6
0.0,0.387,0.809,0.0526,5.03e-05,0.831,0.0832,0.0706,4.0,6
1.0,0.261,0.92,0.064,0.000382,2.78e-05,0.157,0.183,4.0,6
0.0,0.449,0.775,0.0405,0.162,0.149,0.248,0.313,4.0,7
0.0,0.373,0.276,0.0357,0.883,0.0124,0.122,0.409,4.0,7
0.0,0.532,0.371,0.0334,0.817,0.0,0.131,0.161,4.0,7
0.0,0.514,0.243,0.0288,0.752,0.00054,0.0822,0.388,4.0,7
0.0,0.388,0.47,0.0377,0.584,1.99e-06,0.176,0.776,3.0,7
0.0,0.678,0.737,0.029,0.321,0.000416,0.188,0.774,4.0,7
0.0,0.487,0.558,0.0289,0.539,5.12e-06,0.308,0.668,4.0,7
0.0,0.607,0.588,0.0268,0.406,0.0,0.127,0.495,4.0,7
0.0,0.434,0.796,0.0325,0.658,0.00685,0.156,0.471,4.0,7
0.0,0.566,0.781,0.0302,0.376,0.0916,0.0967,0.962,4.0,7
0.0,0.509,0.448,0.0357,0.00713,0.0137,0.244,0.221,3.0,8
0.0,0.636,0.676,0.0263,0.0807,0.0,0.0831,0.273,4.0,8
0.0,0.573,0.539,0.0322,0.0162,1.16e-05,0.105,0.39,4.0,8
0.0,0.743,0.446,0.0683,0.0039,0.118,0.337,0.278,4.0,8
0.0,0.572,0.214,0.0293,0.649,0.129,0.125,0.485,4.0,8
0.0,0.691,0.841,0.0436,0.00438,4.44e-05,0.31,0.755,4.0,8
0.0,0.27,0.577,0.0573,0.755,0.123,0.139,0.362,4.0,8
0.0,0.579,0.409,0.0268,0.624,1.83e-05,0.18,0.526,3.0,8
0.0,0.614,0.724,0.0247,0.217,0.000256,0.146,0.902,4.0,8
0.0,0.614,0.724,0.0247,0.217,0.000256,0.146,0.902,4.0,8
0.0,0.848,0.821,0.0527,0.0169,0.000403,0.0962,0.249,4.0,9
0.0,0.833,0.517,0.301,0.116,0.000142,0.116,0.187,4.0,9
0.0,0.72,0.781,0.0609,0.00408,0.807,0.308,0.307,4.0,9
0.0,0.692,0.427,0.391,0.527,0.0,0.17,0.542,4.0,9
1.0,0.704,0.616,0.0818,0.299,0.0,0.0856,0.161,4.0,9
0.0,0.75,0.507,0.058,0.798,0.0,0.31,0.897,4.0,9
0.0,0.799,0.584,0.118,0.103,1.11e-06,0.457,0.404,4.0,9
0.0,0.632,0.866,0.0488,0.0556,5.75e-06,0.518,0.835,4.0,9
1.0,0.611,0.547,0.439,0.0717,0.0,0.157,0.355,4.0,9
0.0,0.641,0.617,0.0307,0.413,0.0,0.112,0.941,4.0,9
0.0,0.576,0.88,0.126,0.0208,8.99e-05,0.334,0.514,4.0,10
0.0,0.416,0.506,0.1,0.0404,0.0202,0.11,0.0613,4.0,10
0.0,0.555,0.888,0.0398,0.000145,0.37,0.493,0.561,4.0,10
0.0,0.461,0.964,0.223,0.00025,0.3,0.247,0.0558,3.0,10
0.0,0.542,0.955,0.0435,0.00097,0.154,0.309,0.586,4.0,10
0.0,0.745,0.714,0.0751,0.0141,0.0222,0.363,0.365,4.0,10
0.0,0.507,0.934,0.188,0.00936,0.00175,0.222,0.471,4.0,10
0.0,0.607,0.593,0.0259,0.102,0.32,0.183,0.207,4.0,10
0.0,0.546,0.717,0.034,0.00307,0.906,0.262,0.0621,4.0,10
0.0,0.661,0.954,0.128,0.0519,0.000667,0.22,0.332,4.0,10
0.0,0.331,0.341,0.0309,0.528,0.0,0.109,0.152,4.0,11
0.0,0.603,0.67,0.0249,0.00408,1.68e-06,0.112,0.446,4.0,11
0.0,0.591,0.28,0.0283,0.889,0.0,0.124,0.348,4.0,11
0.0,0.604,0.366,0.0282,0.578,0.0,0.133,0.13,4.0,11
0.0,0.556,0.319,0.0281,0.893,0.0,0.0996,0.294,4.0,11
0.0,0.346,0.552,0.0282,0.417,0.0,0.114,0.0789,4.0,11
0.0,0.376,0.595,0.0496,0.303,0.0,0.095,0.265,4.0,11
0.0,0.534,0.725,0.046,0.091,0.0,0.0264,0.55,4.0,11
1.0,0.73,0.769,0.0298,0.138,0.0,0.0473,0.507,4.0,11
0.0,0.688,0.533,0.0865,0.0355,3.48e-06,0.172,0.567,4.0,11
0.0,0.576,0.505,0.0392,0.753,0.199,0.151,0.57,4.0,12
0.0,0.577,0.228,0.0306,0.834,0.000805,0.384,0.161,4.0,12
0.0,0.641,0.479,0.0443,0.732,0.0598,0.115,0.301,4.0,12
0.0,0.613,0.21,0.0309,0.769,0.000477,0.139,0.268,4.0,12
0.0,0.646,0.37,0.0351,0.825,5.17e-06,0.09,0.465,4.0,12
0.0,0.453,0.38,0.0422,0.699,0.0136,0.145,0.396,4.0,12
0.0,0.544,0.389,0.0348,0.778,0.202,0.109,0.457,3.0,12
0.0,0.472,0.344,0.0322,0.348,0.00032,0.0958,0.583,4.0,12
0.0,0.569,0.261,0.0362,0.76,0.000749,0.136,0.232,4.0,12
0.0,0.679,0.563,0.0334,0.503,0.0,0.102,0.631,4.0,12
0.0,0.751,0.727,0.0304,0.0442,0.0338,0.1,0.28,4.0,13
0.0,0.72,0.741,0.0287,0.101,1.41e-05,0.289,0.357,4.0,13
0.0,0.879,0.95,0.0746,0.000161,0.806,0.0714,0.615,4.0,13
0.0,0.791,0.801,0.07,0.00531,0.189,0.509,0.609,4.0,13
0.0,0.767,0.686,0.0461,0.0681,0.91,0.111,0.565,4.0,13
0.0,0.77,0.767,0.0335,0.00737,0.000894,0.0716,0.486,4.0,13
0.0,0.7,0.725,0.0492,0.0439,0.851,0.125,0.129,4.0,13
0.0,0.878,0.737,0.0817,0.000271,0.445,0.11,0.235,4.0,13
0.0,0.779,0.519,0.042,0.232,0.00539,0.123,0.731,4.0,13
0.0,0.726,0.855,0.0418,0.00858,0.72,0.163,0.566,4.0,13
0.0,0.829,0.886,0.112,0.259,0.0,0.0559,0.777,4.0,14
0.0,0.941,0.387,0.0427,0.184,2.88e-05,0.157,0.965,4.0,14
0.0,0.597,0.764,0.0318,0.0551,0.000764,0.249,0.786,4.0,14
0.0,0.779,0.587,0.0721,0.33,3.85e-06,0.0792,0.908,4.0,14
0.0,0.696,0.227,0.042,0.866,1.25e-05,0.0794,0.284,4.0,14
0.0,0.711,0.396,0.0486,0.829,3e-05,0.119,0.969,4.0,14
0.0,0.704,0.479,0.0348,0.292,1.14e-06,0.0419,0.936,4.0,14
0.0,0.959,0.2,0.155,0.8,0.00398,0.0842,0.717,3.0,14
0.0,0.866,0.387,0.0345,0.403,0.0,0.145,0.79,3.0,14
0.0,0.711,0.396,0.0486,0.829,3e-05,0.119,0.969,4.0,14
0.0,0.456,0.437,0.0867,0.839,0.0,0.218,0.209,4.0,15
0.0,0.603,0.204,0.112,0.479,0.0714,0.642,0.71,5.0,15
0.0,0.543,0.206,0.0319,0.94,0.453,0.385,0.13,3.0,15
0.0,0.55,0.147,0.0404,0.563,0.00102,0.286,0.0346,4.0,15
1.0,0.418,0.31,0.0625,0.095,0.0,0.216,0.131,4.0,15
0.0,0.813,0.415,0.0349,0.777,0.0,0.131,0.667,4.0,15
0.0,0.55,0.143,0.241,0.956,0.0,0.195,0.224,4.0,15
0.0,0.656,0.436,0.0744,0.845,0.0,0.221,0.196,4.0,15
1.0,0.735,0.501,0.167,0.627,0.0013,0.104,0.551,4.0,15
0.0,0.866,0.438,0.0719,0.177,0.0,0.0743,0.695,4.0,15
0.0,0.643,0.268,0.09,0.593,2.06e-06,0.316,0.62,4.0,16
0.0,0.484,0.898,0.164,0.365,0.0,0.091,0.68,4.0,16
0.0,0.608,0.638,0.0292,0.581,0.0172,0.448,0.439,4.0,16
0.0,0.695,0.293,0.0431,0.596,0.0158,0.132,0.637,4.0,16
0.0,0.583,0.308,0.0465,0.581,0.0106,0.257,0.241,4.0,16
0.0,0.643,0.268,0.09,0.593,2.06e-06,0.316,0.62,4.0,16
0.0,0.642,0.562,0.0607,0.584,0.0,0.104,0.671,4.0,16
0.0,0.23,0.206,0.0348,0.965,0.856,0.17,0.134,3.0,16
0.0,0.496,0.186,0.0418,0.992,0.944,0.11,0.585,4.0,16
0.0,0.355,0.215,0.0465,0.987,0.957,0.331,0.65,4.0,16
1.0,0.658,0.671,0.0363,0.0933,0.000927,0.115,0.166,4.0,17
0.0,0.627,0.505,0.0549,0.197,0.0149,0.0583,0.146,4.0,17
0.0,0.807,0.835,0.0631,0.00148,0.527,0.233,0.349,4.0,17
0.0,0.748,0.549,0.065,0.00268,0.792,0.196,0.197,4.0,17
0.0,0.683,0.869,0.0515,0.00088,0.836,0.206,0.219,4.0,17
0.0,0.714,0.69,0.0875,0.0137,1.17e-05,0.13,0.631,4.0,17
0.0,0.774,0.87,0.0646,0.0318,0.907,0.107,0.0461,4.0,17
0.0,0.561,0.547,0.0825,0.0622,0.874,0.149,0.202,4.0,17
0.0,0.665,0.984,0.115,0.00758,0.776,0.326,0.0392,4.0,17
0.0,0.432,0.624,0.093,0.0509,0.0192,0.181,0.262,5.0,17
1.0,0.823,0.731,0.307,0.42,0.0,0.306,0.876,4.0,18
1.0,0.755,0.599,0.224,0.147,0.0,0.109,0.755,4.0,18
1.0,0.694,0.664,0.05,0.639,0.0,0.0929,0.676,4.0,18
1.0,0.802,0.341,0.488,0.169,0.0,0.0783,0.849,4.0,18
1.0,0.615,0.811,0.144,0.0188,0.0,0.196,0.808,4.0,18
1.0,0.829,0.514,0.037,0.203,0.000157,0.115,0.397,4.0,18
1.0,0.858,0.697,0.23,0.114,0.0,0.224,0.364,4.0,18
1.0,0.662,0.721,0.316,0.284,0.0,0.106,0.69,4.0,18
1.0,0.762,0.708,0.0573,0.0191,0.000374,0.145,0.639,4.0,18
1.0,0.684,0.621,0.362,0.432,0.0,0.607,0.537,3.0,18
0.0,0.654,0.63,0.0259,0.153,0.0,0.111,0.43,4.0,19
0.0,0.52,0.751,0.0551,0.171,7.4e-06,0.0624,0.519,4.0,19
0.0,0.59,0.389,0.0387,0.411,1.48e-06,0.117,0.389,4.0,19
0.0,0.369,0.192,0.04,0.555,8.35e-06,0.0954,0.148,3.0,19
0.0,0.369,0.192,0.04,0.555,8.35e-06,0.0954,0.148,3.0,19
0.0,0.369,0.192,0.04,0.555,8.35e-06,0.0954,0.148,3.0,19
0.0,0.369,0.192,0.04,0.555,8.35e-06,0.0954,0.148,3.0,19
0.0,0.369,0.192,0.04,0.555,8.35e-06,0.0954,0.148,3.0,19
0.0,0.369,0.192,0.04,0.555,8.35e-06,0.0954,0.148,3.0,19
0.0,0.644,0.904,0.0464,0.0295,0.0,0.0834,0.672,4.0,19
1.0,0.733,0.69,0.0427,0.0635,1.18e-06,0.105,0.31,4.0,20
0.0,0.714,0.472,0.0864,0.013,4.51e-06,0.266,0.238,4.0,20
0.0,0.722,0.757,0.132,0.185,6.32e-06,0.126,0.721,4.0,20
0.0,0.742,0.882,0.117,0.0466,0.0,0.206,0.463,4.0,20
0.0,0.748,0.524,0.0338,0.414,0.0,0.111,0.661,4.0,20
0.0,0.649,0.716,0.0349,0.0863,2.63e-05,0.135,0.163,4.0,20
0.0,0.578,0.537,0.0832,0.162,0.0,0.076,0.25,4.0,20
0.0,0.702,0.825,0.0601,0.00883,0.0,0.0674,0.915,4.0,20
1.0,0.561,0.965,0.0343,0.00383,7.07e-06,0.371,0.304,4.0,20
1.0,0.778,0.317,0.334,0.592,0.0,0.0881,0.327,4.0,20
0.0,0.742,0.882,0.117,0.0466,0.0,0.206,0.463,4.0,21
1.0,0.733,0.479,0.301,0.575,0.00053,0.0831,0.485,4.0,21
0.0,0.817,0.8,0.108,0.12,3.9e-05,0.187,0.534,4.0,21
1.0,0.684,0.79,0.0735,0.0271,0.000371,0.0854,0.549,4.0,21
0.0,0.801,0.764,0.0986,0.109,1.62e-05,0.247,0.578,4.0,21
0.0,0.795,0.565,0.0948,0.131,0.0,0.0802,0.55,4.0,21
0.0,0.873,0.658,0.108,0.00858,0.0061,0.0999,0.483,4.0,21
0.0,0.816,0.781,0.0425,0.692,0.00928,0.0835,0.937,4.0,21
0.0,0.488,0.572,0.0901,0.138,0.000235,0.27,0.415,5.0,21
0.0,0.795,0.565,0.0948,0.131,0.0,0.0802,0.55,4.0,21
0.0,0.229,0.949,0.0537,1.67e-05,0.187,0.153,0.4,4.0,22
0.0,0.428,0.972,0.0666,7.16e-05,0.0736,0.0787,0.225,4.0,22
0.0,0.475,0.385,0.0317,0.595,0.000267,0.131,0.183,4.0,22
0.0,0.613,0.953,0.153,0.00018,0.0614,0.116,0.213,4.0,22
0.0,0.158,0.572,0.0346,0.000926,0.893,0.144,0.347,3.0,22
0.0,0.462,0.905,0.0438,0.00066,0.0402,0.0839,0.253,3.0,22
0.0,0.44,0.71,0.0527,0.000947,0.0267,0.326,0.446,4.0,22
0.0,0.382,0.954,0.0417,0.00038,0.776,0.244,0.513,4.0,22
1.0,0.395,0.84,0.0651,0.000785,4.92e-05,0.316,0.123,4.0,22
0.0,0.227,0.995,0.173,0.000405,0.393,0.127,0.0363,4.0,22
0.0,0.74,0.831,0.0456,0.444,0.00304,0.0769,0.448,4.0,23
0.0,0.727,0.69,0.0345,0.202,3.27e-06,0.414,0.699,4.0,23
0.0,0.847,0.69,0.0493,0.0127,6e-05,0.0526,0.692,4.0,23
0.0,0.67,0.839,0.036,0.0607,0.000764,0.159,0.726,4.0,23
0.0,0.636,0.815,0.0581,0.0185,0.0,0.163,0.636,4.0,23
0.0,0.628,0.883,0.0313,0.168,0.696,0.0693,0.331,4.0,23
0.0,0.491,0.612,0.0796,0.0699,0.0,0.0946,0.279,4.0,23
1.0,0.808,0.737,0.0526,0.0602,1.12e-06,0.704,0.865,4.0,23
1.0,0.732,0.501,0.0475,0.232,0.191,0.0937,0.334,4.0,23
0.0,0.741,0.564,0.0328,0.307,0.0,0.171,0.884,4.0,23
0.0,0.763,0.81,0.0545,0.264,0.000563,0.0823,0.496,4.0,24
0.0,0.802,0.637,0.0624,0.000231,0.831,0.587,0.336,4.0,24
0.0,0.785,0.713,0.149,0.0126,0.765,0.072,0.204,4.0,24
0.0,0.65,0.921,0.0563,0.000943,0.619,0.0588,0.77,4.0,24
0.0,0.788,0.887,0.0548,0.449,0.896,0.11,0.405,4.0,24
0.0,0.621,0.485,0.219,0.108,0.13,0.156,0.14,4.0,24
0.0,0.616,0.995,0.114,0.000372,0.952,0.112,0.772,4.0,24
0.0,0.716,0.783,0.0496,0.172,0.0346,0.0327,0.952,4.0,24
0.0,0.797,0.343,0.0495,0.0692,0.362,0.479,0.536,4.0,24
0.0,0.386,0.489,0.0485,0.0178,0.9,0.112,0.174,4.0,24
0.0,0.697,0.832,0.0298,0.168,0.00131,0.269,0.979,4.0,25
0.0,0.72,0.808,0.0379,0.00793,0.0293,0.0634,0.869,4.0,25
0.0,0.69,0.752,0.0455,0.463,0.00102,0.595,0.97,4.0,25
0.0,0.553,0.614,0.0306,0.764,0.0,0.0811,0.345,4.0,25
0.0,0.751,0.636,0.0437,0.0479,0.0,0.354,0.535,4.0,25
0.0,0.763,0.777,0.0364,0.281,0.79,0.134,0.929,4.0,25
0.0,0.771,0.883,0.0584,0.00596,0.00607,0.135,0.895,4.0,25
0.0,0.707,0.535,0.0436,0.113,0.00615,0.0884,0.641,4.0,25
0.0,0.721,0.939,0.0376,0.115,3.79e-05,0.108,0.914,4.0,25
0.0,0.702,0.773,0.0343,0.0288,0.00871,0.147,0.953,4.0,25
0.0,0.53,0.584,0.218,0.274,0.0,0.158,0.575,4.0,26
0.0,0.689,0.333,0.0307,0.817,5.13e-06,0.285,0.471,4.0,26
0.0,0.274,0.144,0.0482,0.92,0.000388,0.29,0.302,5.0,26
0.0,0.655,0.789,0.0489,0.423,0.0,0.13,0.66,4.0,26
0.0,0.571,0.307,0.0499,0.649,0.0,0.178,0.108,4.0,26
0.0,0.27,0.623,0.093,0.0972,0.349,0.267,0.463,3.0,26
0.0,0.46,0.574,0.112,0.318,0.0,0.1,0.37,4.0,26
0.0,0.297,0.518,0.0378,0.412,1.1e-05,0.298,0.496,4.0,26
0.0,0.686,0.379,0.223,0.856,0.0,0.103,0.923,4.0,26
0.0,0.402,0.391,0.0406,0.0634,0.0,0.296,0.568,4.0,26
0.0,0.584,0.805,0.0465,0.0649,0.0,0.103,0.238,4.0,27
0.0,0.686,0.756,0.0374,0.0314,0.0234,0.154,0.345,4.0,27
1.0,0.709,0.784,0.1,0.23,0.0,0.147,0.584,4.0,27
0.0,0.521,0.55,0.0709,0.0029,0.171,0.0955,0.0391,4.0,27
0.0,0.416,0.506,0.1,0.0404,0.0202,0.11,0.0613,4.0,27
0.0,0.516,0.915,0.0562,0.0228,0.000789,0.125,0.0398,4.0,27
0.0,0.588,0.896,0.0525,0.00152,0.00159,0.072,0.112,4.0,27
0.0,0.451,0.948,0.147,0.255,0.0,0.392,0.295,4.0,27
0.0,0.454,0.782,0.0498,0.0342,0.0,0.173,0.286,4.0,27
0.0,0.667,0.747,0.122,0.0333,0.00112,0.362,0.59,4.0,27
0.0,0.352,0.666,0.0512,0.117,1.81e-06,0.0934,0.227,4.0,28
0.0,0.643,0.594,0.0318,0.0128,0.0,0.118,0.442,4.0,28
0.0,0.534,0.839,0.053,0.0698,0.0,0.264,0.576,4.0,28
0.0,0.452,0.465,0.0344,0.0589,0.000524,0.095,0.0832,4.0,28
0.0,0.494,0.651,0.0384,0.0819,0.0,0.104,0.162,4.0,28
0.0,0.404,0.789,0.0566,0.0243,0.000231,0.226,0.159,4.0,28
0.0,0.352,0.666,0.0512,0.117,1.81e-06,0.0934,0.227,4.0,28
0.0,0.526,0.667,0.0437,0.0505,0.0,0.321,0.43,4.0,28
0.0,0.428,0.907,0.163,0.00594,1.71e-06,0.129,0.244,4.0,28
0.0,0.4,0.485,0.0369,0.0789,0.0,0.135,0.211,3.0,28
0.0,0.352,0.666,0.0512,0.117,1.81e-06,0.0934,0.227,4.0,29
0.0,0.643,0.594,0.0318,0.0128,0.0,0.118,0.442,4.0,29
0.0,0.534,0.839,0.053,0.0698,0.0,0.264,0.576,4.0,29
0.0,0.526,0.667,0.0437,0.0505,0.0,0.321,0.43,4.0,29
0.0,0.452,0.465,0.0344,0.0589,0.000524,0.095,0.0832,4.0,29
0.0,0.404,0.789,0.0566,0.0243,0.000231,0.226,0.159,4.0,29
0.0,0.352,0.666,0.0512,0.117,1.81e-06,0.0934,0.227,4.0,29
0.0,0.494,0.651,0.0384,0.0819,0.0,0.104,0.162,4.0,29
0.0,0.428,0.907,0.163,0.00594,1.71e-06,0.129,0.244,4.0,29
0.0,0.682,0.543,0.0688,0.261,0.0,0.108,0.112,4.0,29
0.0,0.748,0.524,0.0338,0.414,0.0,0.111,0.661,4.0,30
0.0,0.649,0.716,0.0349,0.0863,2.63e-05,0.135,0.163,4.0,30
0.0,0.489,0.597,0.0292,0.27,0.0,0.105,0.324,4.0,30
1.0,0.561,0.965,0.0343,0.00383,7.07e-06,0.371,0.304,4.0,30
0.0,0.786,0.667,0.054,0.0112,0.053,0.074,0.688,4.0,30
0.0,0.451,0.692,0.0398,0.287,0.0,0.115,0.423,4.0,30
0.0,0.595,0.817,0.0474,0.000712,0.0386,0.142,0.483,4.0,30
0.0,0.889,0.341,0.0424,0.117,3.7e-06,0.0734,0.942,4.0,30
0.0,0.678,0.449,0.0869,0.477,0.0,0.536,0.606,4.0,30
1.0,0.626,0.88,0.0504,0.205,0.0,0.128,0.534,4.0,30
0.0,0.748,0.524,0.0338,0.414,0.0,0.111,0.661,4.0,31
0.0,0.795,0.178,0.0574,0.607,0.0,0.623,0.608,4.0,31
0.0,0.649,0.716,0.0349,0.0863,2.63e-05,0.135,0.163,4.0,31
1.0,0.752,0.488,0.0705,0.297,9.11e-06,0.0936,0.533,4.0,31
0.0,0.758,0.573,0.0428,0.0888,0.000677,0.0834,0.284,4.0,31
1.0,0.752,0.488,0.0705,0.297,9.11e-06,0.0936,0.533,4.0,31
0.0,0.489,0.597,0.0292,0.27,0.0,0.105,0.324,4.0,31
1.0,0.68,0.729,0.0475,0.612,0.0,0.224,0.446,4.0,31
1.0,0.718,0.422,0.0621,0.0764,0.0,0.17,0.455,4.0,31
0.0,0.687,0.792,0.0452,0.191,0.0,0.167,0.671,4.0,31
0.0,0.663,0.578,0.0687,0.312,0.906,0.109,0.553,4.0,32
0.0,0.784,0.757,0.0384,0.495,1.18e-06,0.142,0.587,4.0,32
0.0,0.583,0.695,0.0423,0.0141,0.0,0.0527,0.224,4.0,32
0.0,0.737,0.458,0.0317,0.601,6.98e-06,0.138,0.456,4.0,32
0.0,0.649,0.716,0.0349,0.0863,2.63e-05,0.135,0.163,4.0,32
0.0,0.758,0.573,0.0428,0.0888,0.000677,0.0834,0.284,4.0,32
0.0,0.685,0.496,0.238,0.314,0.804,0.138,0.0569,4.0,32
0.0,0.684,0.605,0.0634,0.216,0.941,0.103,0.768,4.0,32
0.0,0.676,0.774,0.0338,0.137,0.0,0.106,0.392,4.0,32
0.0,0.778,0.53,0.13,0.0456,0.916,0.155,0.362,4.0,32
1.0,0.703,0.723,0.0412,0.0302,2.06e-06,0.126,0.288,4.0,33
0.0,0.571,0.415,0.0305,0.615,0.0,0.187,0.342,4.0,33
1.0,0.797,0.533,0.0412,0.0172,0.000152,0.103,0.329,4.0,33
1.0,0.8,0.526,0.0716,0.334,0.00174,0.0571,0.746,4.0,33
1.0,0.835,0.462,0.155,0.513,0.0,0.0875,0.702,4.0,33
1.0,0.872,0.391,0.242,0.469,4.13e-06,0.297,0.437,4.0,33
1.0,0.669,0.574,0.0286,0.0175,0.00294,0.146,0.273,4.0,33
1.0,0.746,0.251,0.259,0.782,0.00203,0.106,0.18,4.0,33
1.0,0.433,0.778,0.041,0.843,0.0,0.139,0.764,4.0,33
1.0,0.734,0.57,0.133,0.847,2.14e-05,0.112,0.689,4.0,33
0.0,0.586,0.532,0.0328,0.779,0.000565,0.124,0.494,4.0,34
0.0,0.447,0.6,0.0332,0.324,0.0,0.0962,0.434,3.0,34
0.0,0.78,0.46,0.0851,0.455,0.000141,0.061,0.788,4.0,34
0.0,0.558,0.497,0.0256,0.0285,5.36e-06,0.0799,0.444,4.0,34
0.0,0.509,0.477,0.0262,0.309,0.0168,0.158,0.283,3.0,34
0.0,0.544,0.369,0.038,0.969,0.279,0.639,0.102,3.0,34
0.0,0.362,0.763,0.0589,0.015,0.00481,0.237,0.431,4.0,34
0.0,0.378,0.791,0.223,0.777,0.0,0.0583,0.848,1.0,34
0.0,0.516,0.486,0.0249,0.00411,0.277,0.34,0.454,4.0,34
0.0,0.693,0.778,0.248,0.555,0.0,0.094,0.282,4.0,34
0.0,0.677,0.455,0.141,0.616,0.0,0.249,0.782,4.0,35
0.0,0.612,0.654,0.0299,0.613,0.0,0.446,0.386,4.0,35
0.0,0.788,0.775,0.0331,0.577,0.0194,0.0506,0.942,4.0,35
0.0,0.558,0.78,0.0549,0.466,0.0,0.187,0.692,4.0,35
0.0,0.754,0.464,0.0572,0.744,0.0,0.331,0.731,4.0,35
0.0,0.642,0.678,0.0346,0.547,0.000136,0.168,0.887,4.0,35
0.0,0.675,0.848,0.0328,0.363,0.0,0.273,0.972,4.0,35
0.0,0.683,0.887,0.0321,0.707,0.0,0.281,0.891,4.0,35
1.0,0.671,0.886,0.0463,0.275,0.0,0.132,0.914,4.0,35
0.0,0.67,0.836,0.0441,0.302,7.7e-06,0.733,0.694,4.0,35
0.0,0.507,0.729,0.0393,0.0182,1.4e-06,0.0658,0.272,4.0,36
0.0,0.367,0.202,0.0313,0.668,0.145,0.109,0.0362,4.0,36
0.0,0.426,0.228,0.0322,0.198,0.13,0.0832,0.0822,4.0,36
0.0,0.375,0.255,0.0376,0.815,0.0,0.0845,0.331,3.0,36
0.0,0.594,0.698,0.0428,0.103,0.0,0.173,0.376,4.0,36
0.0,0.824,0.656,0.0704,0.388,0.506,0.253,0.418,4.0,36
0.0,0.792,0.583,0.027,0.023,0.582,0.0809,0.54,4.0,36
0.0,0.808,0.538,0.0608,0.108,0.0743,0.0555,0.416,4.0,36
0.0,0.669,0.449,0.0489,0.184,0.0,0.0729,0.327,4.0,36
1.0,0.732,0.501,0.0475,0.232,0.191,0.0937,0.334,4.0,36
0.0,0.647,0.514,0.0593,0.0655,0.0,0.398,0.386,4.0,37
0.0,0.72,0.763,0.0523,0.406,0.0,0.18,0.742,4.0,37
0.0,0.759,0.711,0.0384,0.0477,1.19e-06,0.143,0.436,4.0,37
0.0,0.813,0.733,0.0847,0.15,0.00186,0.0909,0.397,4.0,37
0.0,0.759,0.711,0.0384,0.0477,1.19e-06,0.143,0.436,4.0,37
0.0,0.594,0.874,0.0387,0.00166,0.0,0.148,0.646,4.0,37
0.0,0.759,0.711,0.0384,0.0477,1.19e-06,0.143,0.436,4.0,37
0.0,0.759,0.711,0.0384,0.0477,1.19e-06,0.143,0.436,4.0,37
0.0,0.759,0.711,0.0384,0.0477,1.19e-06,0.143,0.436,4.0,37
0.0,0.813,0.733,0.0847,0.15,0.00186,0.0909,0.397,4.0,37
0.0,0.464,0.417,0.0256,0.136,0.022,0.0974,0.479,4.0,38
0.0,0.548,0.532,0.0323,0.186,0.000263,0.217,0.405,4.0,38
0.0,0.569,0.521,0.0839,0.514,0.00469,0.0962,0.143,4.0,38
0.0,0.526,0.866,0.0568,0.00287,7.78e-05,0.0945,0.248,4.0,38
0.0,0.691,0.631,0.0368,0.0483,1.13e-05,0.104,0.8,4.0,38
0.0,0.546,0.465,0.0287,0.153,0.00259,0.321,0.415,4.0,38
0.0,0.288,0.758,0.0371,0.00616,0.0,0.303,0.619,4.0,38
0.0,0.462,0.595,0.0347,0.215,0.0,0.184,0.64,4.0,38
0.0,0.505,0.698,0.0297,0.33,0.0887,0.0966,0.599,4.0,38
0.0,0.665,0.542,0.033,0.123,0.00291,0.342,0.587,4.0,38
0.0,0.69,0.622,0.0622,0.253,0.0,0.116,0.544,4.0,39
0.0,0.753,0.657,0.0449,0.171,0.0,0.112,0.437,4.0,39
0.0,0.18,0.226,0.042,0.951,0.982,0.0998,0.048,4.0,39
0.0,0.609,0.801,0.0694,0.0246,0.00255,0.37,0.202,4.0,39
0.0,0.609,0.801,0.0694,0.0246,0.00255,0.37,0.202,4.0,39
0.0,0.609,0.801,0.0694,0.0246,0.00255,0.37,0.202,4.0,39
0.0,0.534,0.714,0.0629,0.00633,0.0,0.0879,0.415,4.0,39
0.0,0.635,0.813,0.0578,0.0187,0.0,0.163,0.641,4.0,39
0.0,0.534,0.714,0.0629,0.00633,0.0,0.0879,0.415,4.0,39
0.0,0.534,0.714,0.0629,0.00633,0.0,0.0879,0.415,4.0,39
0.0,0.647,0.69,0.0413,0.237,0.0,0.351,0.521,4.0,40
0.0,0.412,0.643,0.0315,0.0595,0.0,0.972,0.373,4.0,40
0.0,0.457,0.633,0.0315,0.408,0.0,0.345,0.224,4.0,40
0.0,0.489,0.674,0.0362,0.0405,1.52e-06,0.644,0.18,4.0,40
0.0,0.274,0.792,0.0663,0.0657,0.0,0.681,0.212,4.0,40
0.0,0.396,0.485,0.0344,0.615,0.0,0.151,0.739,4.0,40
0.0,0.368,0.519,0.0448,0.598,1.11e-05,0.313,0.183,4.0,40
0.0,0.423,0.74,0.0344,0.0206,0.0,0.523,0.166,4.0,40
0.0,0.292,0.67,0.0395,0.56,0.0,0.0803,0.182,4.0,40
0.0,0.364,0.603,0.0356,0.0217,7.67e-05,0.0898,0.0886,4.0,40
0.0,0.428,0.972,0.0666,7.16e-05,0.0736,0.0787,0.225,4.0,41
0.0,0.707,0.556,0.0303,0.19,0.0159,0.388,0.746,4.0,41
0.0,0.714,0.306,0.0388,0.726,0.168,0.0924,0.314,4.0,41
0.0,0.554,0.15,0.0338,0.974,0.735,0.0698,0.314,4.0,41
0.0,0.234,0.73,0.0446,0.199,4.77e-06,0.13,0.12,3.0,41
0.0,0.257,0.221,0.0302,0.882,0.00175,0.608,0.361,4.0,41
0.0,0.495,0.852,0.0451,0.000121,0.000483,0.136,0.466,4.0,41
0.0,0.718,0.454,0.069,0.483,0.0,0.103,0.514,4.0,41
0.0,0.714,0.306,0.0388,0.726,0.168,0.0924,0.314,4.0,41
0.0,0.341,0.23,0.0319,0.942,0.905,0.114,0.291,4.0,41
1.0,0.302,0.934,0.13,3.47e-05,0.223,0.265,0.0652,1.0,42
0.0,0.373,0.994,0.209,1.23e-06,0.681,0.281,0.0992,4.0,42
0.0,0.174,0.972,0.161,1.19e-06,0.896,0.375,0.0773,1.0,42
0.0,0.216,0.988,0.113,7.26e-06,0.545,0.415,0.124,4.0,42
0.0,0.312,0.981,0.111,0.000129,0.61,0.0703,0.291,4.0,42
0.0,0.252,0.743,0.0403,1.21e-05,0.869,0.635,0.357,4.0,42
0.0,0.3,0.899,0.111,0.000182,0.708,0.276,0.425,4.0,42
0.0,0.234,0.948,0.0542,3.19e-06,0.011,0.24,0.0771,4.0,42
0.0,0.444,0.986,0.0607,8.5e-05,0.834,0.348,0.269,4.0,42
0.0,0.272,0.906,0.127,5.48e-06,0.166,0.24,0.433,4.0,42
0.0,0.847,0.69,0.0493,0.0127,6e-05,0.0526,0.692,4.0,43
0.0,0.629,0.876,0.0408,0.129,1.39e-06,0.29,0.645,4.0,43
0.0,0.842,0.811,0.109,0.00579,0.176,0.0702,0.594,4.0,43
0.0,0.851,0.742,0.0377,0.0259,0.256,0.111,0.236,4.0,43
0.0,0.726,0.78,0.0414,0.137,0.914,0.0985,0.0742,4.0,43
0.0,0.73,0.903,0.0427,0.00806,0.252,0.0998,0.694,4.0,43
0.0,0.609,0.94,0.0617,0.00124,0.269,0.15,0.238,4.0,43
0.0,0.847,0.69,0.0493,0.0127,6e-05,0.0526,0.692,4.0,43
0.0,0.787,0.828,0.0297,0.106,0.000605,0.105,0.544,4.0,43
0.0,0.847,0.69,0.0493,0.0127,6e-05,0.0526,0.692,4.0,43
0.0,0.427,0.201,0.0317,0.745,0.263,0.109,0.0668,4.0,44
0.0,0.556,0.864,0.0584,0.00958,0.0,0.209,0.4,4.0,44
0.0,0.496,0.863,0.0381,0.0046,0.0,0.639,0.243,4.0,44
0.0,0.487,0.961,0.132,0.0415,1.15e-06,0.553,0.323,4.0,44
1.0,0.59,0.671,0.0706,0.0484,0.0,0.0604,0.438,4.0,44
0.0,0.557,0.533,0.0252,0.0492,0.0,0.205,0.233,4.0,44
0.0,0.585,0.972,0.0534,0.0143,0.0,0.0707,0.585,4.0,44
0.0,0.514,0.637,0.0363,0.213,2.24e-06,0.389,0.18,4.0,44
0.0,0.615,0.911,0.0278,0.0686,0.00188,0.0908,0.685,4.0,44
0.0,0.5,0.824,0.0388,0.00016,0.00161,0.0916,0.539,4.0,44
0.0,0.553,0.614,0.0306,0.764,0.0,0.0811,0.345,4.0,45
0.0,0.631,0.489,0.101,0.58,0.821,0.12,0.418,4.0,45
0.0,0.706,0.112,0.0391,0.827,4.03e-06,0.125,0.414,4.0,45
0.0,0.511,0.11,0.0769,0.987,0.947,0.11,0.13,4.0,45
0.0,0.795,0.0841,0.0461,0.742,1.17e-05,0.0853,0.609,4.0,45
0.0,0.512,0.0529,0.0819,0.994,0.968,0.11,0.261,3.0,45
0.0,0.682,0.105,0.0337,0.877,0.884,0.0896,0.258,4.0,45
0.0,0.739,0.287,0.059,0.969,0.961,0.111,0.557,4.0,45
0.0,0.408,0.266,0.0404,0.875,0.000498,0.104,0.35,4.0,45
0.0,0.575,0.295,0.0326,0.484,0.703,0.0639,0.394,3.0,45
0.0,0.569,0.996,0.224,0.198,0.0114,0.707,0.461,3.0,46
0.0,0.487,0.99,0.094,0.000595,0.843,0.331,0.161,4.0,46
0.0,0.496,0.76,0.393,0.000799,0.00285,0.368,0.422,4.0,46
0.0,0.531,0.896,0.107,0.0316,0.00723,0.0297,0.34,4.0,46
0.0,0.532,0.878,0.215,0.0102,0.201,0.169,0.385,4.0,46
0.0,0.485,0.979,0.116,0.00792,0.00171,0.387,0.432,4.0,46
0.0,0.496,0.98,0.0474,0.000291,0.318,0.353,0.391,4.0,46
0.0,0.504,0.891,0.126,0.33,8.65e-06,0.191,0.295,4.0,46
0.0,0.489,0.985,0.0456,0.0145,0.525,0.146,0.0489,4.0,46
0.0,0.478,0.878,0.0403,0.0431,1.93e-05,0.0719,0.289,4.0,46
0.0,0.466,0.9,0.0447,0.000235,0.00104,0.103,0.561,4.0,47
0.0,0.496,0.739,0.0415,0.0211,0.00444,0.106,0.378,4.0,47
0.0,0.307,0.433,0.029,0.388,9.08e-05,0.332,0.224,4.0,47
1.0,0.454,0.91,0.0448,0.0866,0.0996,0.116,0.629,4.0,47
0.0,0.553,0.362,0.0263,0.0458,6.01e-06,0.075,0.158,3.0,47
0.0,0.502,0.89,0.0364,0.000147,0.0117,0.217,0.259,4.0,47
0.0,0.452,0.524,0.0351,0.315,0.0,0.103,0.246,4.0,47
0.0,0.564,0.932,0.0554,0.013,0.169,0.349,0.619,4.0,47
1.0,0.273,0.952,0.0843,0.0169,0.0111,0.142,0.472,4.0,47
0.0,0.294,0.641,0.0291,0.0163,0.22,0.112,0.226,4.0,47
1.0,0.536,0.721,0.386,0.062,0.0,0.824,0.393,5.0,48
0.0,0.522,0.914,0.0379,0.000164,0.847,0.24,0.0364,3.0,48
1.0,0.935,0.519,0.31,0.156,0.0,0.425,0.884,4.0,48
1.0,0.901,0.697,0.28,0.145,0.0,0.287,0.67,4.0,48
1.0,0.761,0.899,0.183,0.0135,0.0,0.0719,0.673,4.0,48
0.0,0.455,0.758,0.0415,0.0067,1.67e-05,0.127,0.378,4.0,48
1.0,0.78,0.575,0.273,0.43,0.0,0.143,0.773,4.0,48
0.0,0.522,0.914,0.0379,0.000164,0.846,0.24,0.0364,3.0,48
0.0,0.52,0.545,0.0768,0.0827,0.0,0.133,0.0856,4.0,48
0.0,0.489,0.404,0.0332,0.101,6.78e-05,0.255,0.311,4.0,48
0.0,0.569,0.996,0.224,0.198,0.0114,0.707,0.461,3.0,49
0.0,0.331,0.919,0.452,0.0367,0.000759,0.124,0.389,3.0,49
0.0,0.436,0.869,0.0615,0.0542,0.0,0.0979,0.0383,4.0,49
0.0,0.459,0.941,0.0777,0.0191,0.0,0.371,0.399,4.0,49
0.0,0.319,0.861,0.0544,0.0368,7.48e-05,0.252,0.202,4.0,49
0.0,0.47,0.705,0.0442,0.0235,0.0198,0.114,0.119,4.0,49
0.0,0.552,0.967,0.0607,0.0207,2.2e-05,0.355,0.451,4.0,49
0.0,0.602,0.948,0.0502,0.0396,1.43e-06,0.186,0.812,4.0,49
0.0,0.552,0.594,0.0306,0.298,6.17e-05,0.262,0.287,4.0,49
1.0,0.515,0.94,0.0478,0.0044,1.06e-05,0.23,0.284,4.0,49
0.0,0.25,0.979,0.419,0.0034,0.000122,0.183,0.0595,4.0,50
0.0,0.522,0.857,0.0308,0.000157,9.58e-05,0.354,0.538,4.0,50
0.0,0.424,0.915,0.0308,7.29e-06,0.0689,0.391,0.245,4.0,50
0.0,0.405,0.99,0.088,0.000773,0.401,0.18,0.275,4.0,50
0.0,0.512,0.848,0.0365,1.8e-05,0.000269,0.378,0.374,4.0,50
1.0,0.507,0.961,0.0568,0.000168,8.35e-05,0.703,0.759,4.0,50
0.0,0.535,0.546,0.0344,0.0224,0.879,0.257,0.32,4.0,50
0.0,0.58,0.852,0.0756,0.000384,0.0,0.11,0.576,4.0,50
0.0,0.452,0.817,0.0459,4.06e-05,0.915,0.394,0.354,4.0,50
0.0,0.423,0.976,0.0793,0.00334,0.00177,0.836,0.49,4.0,50
0.0,0.86,0.541,0.0325,0.165,0.163,0.0663,0.952,4.0,51
0.0,0.768,0.487,0.0431,0.24,0.0,0.175,0.722,4.0,51
0.0,0.711,0.702,0.233,0.00487,0.0163,0.0932,0.674,4.0,51
0.0,0.796,0.572,0.0545,0.416,2.55e-05,0.0975,0.304,4.0,51
1.0,0.591,0.764,0.0483,0.0383,0.0,0.103,0.478,4.0,51
0.0,0.847,0.558,0.0663,0.325,0.0,0.135,0.495,4.0,51
0.0,0.811,0.655,0.0353,0.0947,1.63e-06,0.068,0.925,4.0,51
0.0,0.723,0.456,0.0359,0.137,2.95e-05,0.081,0.0383,4.0,51
1.0,0.828,0.533,0.091,0.214,2.8e-05,0.307,0.605,4.0,51
0.0,0.761,0.554,0.0854,0.193,0.00844,0.0802,0.555,4.0,51
0.0,0.333,0.232,0.0366,0.785,0.000548,0.252,0.398,4.0,52
0.0,0.785,0.365,0.0377,0.801,0.0,0.0662,0.913,4.0,52
0.0,0.784,0.327,0.0383,0.797,0.0,0.0941,0.898,4.0,52
0.0,0.575,0.162,0.0489,0.975,0.0235,0.114,0.472,4.0,52
0.0,0.435,0.295,0.0276,0.449,0.000279,0.11,0.49,4.0,52
0.0,0.414,0.177,0.0305,0.885,9.82e-05,0.133,0.472,3.0,52
0.0,0.763,0.211,0.0335,0.973,1.44e-05,0.136,0.747,4.0,52
0.0,0.43,0.173,0.0321,0.594,0.000111,0.224,0.365,4.0,52
0.0,0.777,0.36,0.0401,0.805,0.0,0.0756,0.887,4.0,52
0.0,0.472,0.182,0.0649,0.971,0.00604,0.113,0.488,4.0,52
0.0,0.748,0.524,0.0338,0.414,0.0,0.111,0.661,4.0,53
1.0,0.841,0.593,0.0379,0.418,0.0,0.124,0.808,4.0,53
0.0,0.791,0.862,0.11,0.037,2.19e-05,0.0814,0.592,4.0,53
1.0,0.509,0.689,0.102,0.0209,0.0,0.301,0.297,4.0,53
0.0,0.687,0.792,0.0452,0.191,0.0,0.167,0.671,4.0,53
1.0,0.626,0.88,0.0504,0.205,0.0,0.128,0.534,4.0,53
0.0,0.626,0.754,0.0269,0.00998,0.00404,0.157,0.317,4.0,53
0.0,0.64,0.533,0.0706,0.119,0.0,0.0864,0.515,4.0,53
0.0,0.528,0.511,0.0324,0.126,0.0,0.101,0.351,4.0,53
0.0,0.501,0.519,0.0409,0.109,0.0,0.454,0.168,4.0,53
0.0,0.544,0.579,0.0712,0.193,1.43e-05,0.117,0.294,4.0,54
0.0,0.702,0.372,0.0478,0.629,0.0114,0.0972,0.189,4.0,54
0.0,0.619,0.601,0.0333,0.148,0.00235,0.146,0.373,4.0,54
0.0,0.601,0.0971,0.0373,0.984,0.91,0.0931,0.15,4.0,54
0.0,0.442,0.442,0.0456,0.164,0.33,0.334,0.245,4.0,54
0.0,0.32,0.2,0.0315,0.957,0.897,0.0893,0.025,4.0,54
0.0,0.612,0.427,0.0521,0.539,0.924,0.115,0.0693,4.0,54
0.0,0.587,0.267,0.0326,0.513,0.0363,0.075,0.0388,4.0,54
0.0,0.855,0.66,0.137,0.653,0.699,0.0676,0.924,3.0,54
0.0,0.565,0.56,0.0281,0.595,0.0025,0.207,0.592,4.0,54
0.0,0.6,0.294,0.0292,0.871,8.66e-05,0.102,0.342,4.0,55
0.0,0.577,0.574,0.0278,0.572,0.0,0.1,0.436,4.0,55
0.0,0.751,0.669,0.0359,0.342,1.31e-05,0.0822,0.359,4.0,55
0.0,0.78,0.46,0.0851,0.455,0.000141,0.061,0.788,4.0,55
0.0,0.586,0.532,0.0328,0.779,0.000565,0.124,0.494,4.0,55
0.0,0.558,0.497,0.0256,0.0285,5.36e-06,0.0799,0.444,4.0,55
0.0,0.34,0.606,0.0379,0.798,0.00205,0.0963,0.268,4.0,55
0.0,0.609,0.538,0.0273,0.328,0.0,0.125,0.608,4.0,55
0.0,0.534,0.721,0.0427,0.634,0.000877,0.1,0.439,4.0,55
0.0,0.57,0.55,0.035,0.524,3.73e-05,0.0921,0.435,4.0,55
0.0,0.577,0.428,0.0302,0.467,2.61e-05,0.272,0.401,4.0,56
0.0,0.551,0.578,0.0732,0.522,0.0,0.073,0.509,4.0,56
0.0,0.6,0.294,0.0292,0.871,8.66e-05,0.102,0.342,4.0,56
0.0,0.464,0.417,0.0256,0.136,0.022,0.0974,0.479,4.0,56
0.0,0.37,0.467,0.0273,0.0205,0.572,0.109,0.182,4.0,56
0.0,0.659,0.345,0.107,0.106,0.0,0.107,0.338,4.0,56
0.0,0.462,0.371,0.0988,0.794,0.118,0.124,0.187,4.0,56
0.0,0.78,0.46,0.0851,0.455,0.000141,0.061,0.788,4.0,56
0.0,0.653,0.446,0.0351,0.546,4.52e-05,0.109,0.472,4.0,56
0.0,0.574,0.664,0.0409,0.0448,0.0553,0.146,0.226,4.0,56
0.0,0.613,0.508,0.0343,0.275,8.28e-06,0.0809,0.327,4.0,57
0.0,0.515,0.593,0.0322,0.653,0.162,0.25,0.153,3.0,57
0.0,0.577,0.428,0.0302,0.467,2.61e-05,0.272,0.401,4.0,57
0.0,0.37,0.467,0.0273,0.0205,0.572,0.109,0.182,4.0,57
0.0,0.761,0.525,0.0944,0.44,6.7e-06,0.0921,0.531,4.0,57
0.0,0.659,0.345,0.107,0.106,0.0,0.107,0.338,4.0,57
0.0,0.462,0.371,0.0988,0.794,0.118,0.124,0.187,4.0,57
1.0,0.752,0.488,0.0705,0.297,9.11e-06,0.0936,0.533,4.0,57
0.0,0.582,0.718,0.0378,0.556,0.497,0.191,0.074,4.0,57
0.0,0.653,0.446,0.0351,0.546,4.52e-05,0.109,0.472,4.0,57
1.0,0.593,0.55,0.0379,0.00989,2.94e-06,0.132,0.511,4.0,58
0.0,0.392,0.642,0.0326,0.0048,0.486,0.296,0.129,4.0,58
0.0,0.64,0.922,0.0385,0.00369,0.055,0.332,0.716,4.0,58
0.0,0.51,0.917,0.0854,0.0054,0.000133,0.396,0.313,4.0,58
0.0,0.521,0.895,0.0442,5.54e-05,0.349,0.0985,0.237,4.0,58
1.0,0.611,0.801,0.0733,0.00119,0.513,0.23,0.408,3.0,58
1.0,0.373,0.857,0.0528,0.000999,0.00138,0.408,0.235,4.0,58
1.0,0.875,0.749,0.251,0.604,0.0,0.812,0.695,4.0,58
0.0,0.221,0.664,0.0379,0.0039,0.657,0.239,0.101,4.0,58
1.0,0.611,0.801,0.0733,0.00119,0.513,0.23,0.408,3.0,58
0.0,0.3,0.338,0.032,0.00833,0.724,0.103,0.0595,3.0,59
0.0,0.455,0.0562,0.042,0.977,0.879,0.0983,0.115,4.0,59
0.0,0.235,0.505,0.0646,0.777,0.947,0.101,0.0756,4.0,59
0.0,0.162,0.293,0.0377,0.969,0.968,0.094,0.0486,3.0,59
0.0,0.2,0.00871,0.0515,0.996,0.901,0.103,0.106,4.0,59
1.0,0.462,0.951,0.0501,0.000562,0.825,0.373,0.18,4.0,59
0.0,0.198,0.0342,0.0398,0.985,0.906,0.368,0.0412,3.0,59
0.0,0.0566,0.236,0.0622,0.169,0.988,0.0953,0.0303,5.0,59
0.0,0.134,0.215,0.0376,0.177,0.975,0.286,0.0401,3.0,59
0.0,0.0624,0.417,0.14,0.722,0.979,0.898,0.0386,4.0,59
1.0,0.733,0.479,0.301,0.575,0.00053,0.0831,0.485,4.0,60
0.0,0.521,0.933,0.179,0.034,2.07e-05,0.33,0.607,4.0,60
1.0,0.618,0.717,0.318,0.00256,0.0,0.625,0.603,4.0,60
1.0,0.746,0.873,0.128,0.0244,0.0,0.354,0.817,4.0,60
0.0,0.856,0.721,0.0779,0.178,2.14e-05,0.0913,0.902,4.0,60
0.0,0.571,0.747,0.17,0.478,0.0,0.116,0.635,4.0,60
1.0,0.733,0.479,0.301,0.575,0.00053,0.0831,0.485,4.0,60
0.0,0.492,0.598,0.033,0.366,0.0,0.323,0.469,4.0,60
0.0,0.724,0.869,0.046,0.0248,0.0,0.251,0.84,4.0,60
1.0,0.748,0.741,0.0531,0.00419,0.0,0.147,0.537,4.0,60
0.0,0.555,0.941,0.0481,0.484,0.0,0.266,0.813,4.0,61
0.0,0.502,0.953,0.063,0.00831,0.0,0.432,0.695,4.0,61
0.0,0.648,0.875,0.034,0.0747,9.64e-05,0.196,0.857,4.0,61
0.0,0.404,0.988,0.193,0.00139,0.00419,0.125,0.38,4.0,61
0.0,0.413,0.988,0.205,0.00123,0.00569,0.0836,0.362,4.0,61
0.0,0.459,0.872,0.053,0.0505,0.0,0.166,0.579,4.0,61
0.0,0.588,0.881,0.0304,0.00476,6.79e-06,0.0752,0.887,4.0,61
0.0,0.535,0.942,0.0625,0.034,0.0,0.191,0.812,4.0,61
0.0,0.575,0.401,0.0275,0.767,2.41e-05,0.165,0.421,4.0,61
0.0,0.616,0.985,0.0825,0.000282,0.000144,0.111,0.44,4.0,61
0.0,0.67,0.874,0.0305,0.00231,1.72e-05,0.3,0.789,4.0,62
0.0,0.571,0.415,0.0305,0.615,0.0,0.187,0.342,4.0,62
0.0,0.6,0.76,0.0452,0.166,4.09e-05,0.189,0.519,4.0,62
0.0,0.436,0.934,0.0507,1.03e-05,0.14,0.321,0.384,4.0,62
0.0,0.508,0.889,0.0862,0.0495,0.0,0.0984,0.332,4.0,62
0.0,0.535,0.548,0.037,0.533,1.48e-06,0.123,0.477,3.0,62
0.0,0.6,0.76,0.0452,0.166,4.09e-05,0.189,0.519,4.0,62
0.0,0.707,0.5,0.0296,0.895,4e-05,0.234,0.583,4.0,62
0.0,0.372,0.426,0.0339,0.687,0.00784,0.109,0.287,4.0,62
0.0,0.536,0.966,0.0558,0.121,0.0,0.0477,0.849,4.0,62
0.0,0.571,0.415,0.0305,0.615,0.0,0.187,0.342,4.0,63
0.0,0.529,0.931,0.0581,0.00955,0.0,0.465,0.695,4.0,63
0.0,0.436,0.934,0.0507,1.03e-05,0.14,0.321,0.384,4.0,63
0.0,0.508,0.889,0.0862,0.0495,0.0,0.0984,0.332,4.0,63
0.0,0.348,0.492,0.0324,0.171,0.0,0.116,0.3,4.0,63
0.0,0.459,0.878,0.0688,5.62e-05,0.000307,0.371,0.494,4.0,63
0.0,0.468,0.961,0.114,0.00364,0.0,0.226,0.31,4.0,63
0.0,0.534,0.941,0.077,0.00204,0.00615,0.102,0.573,4.0,63
0.0,0.372,0.426,0.0339,0.687,0.00784,0.109,0.287,4.0,63
0.0,0.473,0.936,0.0704,0.00916,0.0422,0.31,0.416,4.0,63
0.0,0.749,0.497,0.105,0.41,0.0499,0.0504,0.585,4.0,64
0.0,0.535,0.548,0.037,0.533,1.48e-06,0.123,0.477,3.0,64
0.0,0.713,0.639,0.0313,0.753,0.0,0.0878,0.737,4.0,64
0.0,0.484,0.898,0.164,0.365,0.0,0.091,0.68,4.0,64
0.0,0.669,0.509,0.0277,0.493,0.000268,0.0804,0.376,4.0,64
0.0,0.535,0.547,0.037,0.533,1.49e-06,0.123,0.477,3.0,64
0.0,0.649,0.466,0.0428,0.865,0.0,0.0882,0.699,4.0,64
0.0,0.644,0.427,0.0391,0.778,9.51e-05,0.136,0.577,4.0,64
0.0,0.649,0.466,0.0428,0.865,0.0,0.0882,0.699,4.0,64
0.0,0.36,0.381,0.0488,0.59,5.1e-05,0.0846,0.346,3.0,64
0.0,0.562,0.519,0.0326,0.557,0.000268,0.172,0.415,4.0,65
0.0,0.826,0.553,0.234,0.163,4.12e-05,0.135,0.4,4.0,65
0.0,0.738,0.714,0.249,0.157,0.0,0.31,0.74,4.0,65
0.0,0.752,0.642,0.0869,0.0861,0.0,0.0953,0.388,4.0,65
0.0,0.645,0.862,0.0845,0.0933,0.0,0.193,0.803,4.0,65
0.0,0.273,0.588,0.0579,0.265,0.000307,0.178,0.138,4.0,65
0.0,0.804,0.652,0.0898,0.0267,0.000782,0.118,0.854,4.0,65
0.0,0.789,0.536,0.0424,0.604,2.09e-06,0.088,0.877,4.0,65
0.0,0.566,0.716,0.0424,0.00691,0.0,0.37,0.45,4.0,65
0.0,0.42,0.341,0.0325,0.942,0.00123,0.105,0.193,4.0,65
0.0,0.711,0.63,0.238,0.451,9.2e-06,0.129,0.851,4.0,66
0.0,0.856,0.905,0.146,0.041,0.00385,0.315,0.805,4.0,66
0.0,0.717,0.661,0.0365,0.184,0.0,0.083,0.967,4.0,66
0.0,0.625,0.397,0.0266,0.412,0.0,0.0999,0.324,4.0,66
0.0,0.785,0.582,0.237,0.191,0.0,0.2,0.861,4.0,66
0.0,0.847,0.801,0.105,0.278,0.0,0.326,0.709,4.0,66
0.0,0.587,0.957,0.0292,0.0991,0.0337,0.911,0.963,4.0,66
0.0,0.899,0.625,0.371,0.41,0.0,0.25,0.576,4.0,66
0.0,0.8,0.887,0.293,0.276,5.48e-06,0.345,0.487,4.0,66
0.0,0.976,0.171,0.105,0.511,0.052,0.088,0.692,4.0,66
1.0,0.812,0.855,0.0554,0.0789,0.000167,0.108,0.573,4.0,67
1.0,0.843,0.789,0.247,0.0028,2.41e-05,0.0322,0.571,4.0,67
0.0,0.737,0.86,0.0594,0.11,1.94e-06,0.0574,0.656,4.0,67
1.0,0.812,0.855,0.0554,0.0789,0.000167,0.108,0.573,4.0,67
0.0,0.771,0.905,0.155,0.11,7.46e-06,0.656,0.858,4.0,67
1.0,0.812,0.855,0.0554,0.0789,0.000167,0.108,0.573,4.0,67
1.0,0.812,0.855,0.0554,0.0789,0.000167,0.108,0.573,4.0,67
1.0,0.812,0.855,0.0554,0.0789,0.000167,0.108,0.573,4.0,67
0.0,0.734,0.531,0.0321,0.196,0.0,0.119,0.199,4.0,67
1.0,0.812,0.855,0.0554,0.0789,0.000167,0.108,0.573,4.0,67
1.0,0.709,0.56,0.171,0.034,0.0,0.315,0.541,4.0,68
0.0,0.876,0.673,0.139,0.0524,0.00571,0.0813,0.462,4.0,68
0.0,0.735,0.674,0.124,0.18,0.0,0.108,0.561,4.0,68
1.0,0.709,0.56,0.171,0.034,0.0,0.315,0.541,4.0,68
0.0,0.705,0.562,0.0674,0.257,0.0,0.137,0.569,4.0,68
1.0,0.709,0.56,0.171,0.034,0.0,0.315,0.541,4.0,68
1.0,0.709,0.56,0.171,0.034,0.0,0.315,0.541,4.0,68
0.0,0.705,0.562,0.0674,0.257,0.0,0.137,0.569,4.0,68
0.0,0.865,0.573,0.0678,0.0863,0.0,0.305,0.563,4.0,68
0.0,0.817,0.539,0.0621,0.0141,0.000496,0.099,0.158,4.0,68
0.0,0.707,0.795,0.234,0.537,0.0,0.0922,0.612,4.0,69
0.0,0.567,0.573,0.0502,0.684,0.444,0.108,0.21,4.0,69
0.0,0.386,0.176,0.0412,0.921,0.0234,0.133,0.389,4.0,69
0.0,0.599,0.56,0.0352,0.462,0.00178,0.12,0.184,4.0,69
0.0,0.304,0.468,0.0332,0.68,7.09e-05,0.133,0.128,3.0,69
0.0,0.344,0.328,0.0361,0.833,1.29e-06,0.0731,0.525,4.0,69
0.0,0.847,0.511,0.0718,0.42,2.81e-05,0.117,0.436,4.0,69
0.0,0.549,0.457,0.0288,0.863,0.0789,0.0938,0.506,4.0,69
0.0,0.887,0.634,0.149,0.229,0.0,0.0931,0.422,4.0,69
0.0,0.577,0.513,0.0414,0.664,2.27e-06,0.328,0.341,3.0,69
0.0,0.56,0.75,0.0816,0.223,0.427,0.204,0.279,4.0,70
0.0,0.643,0.8,0.037,0.0249,0.000329,0.21,0.792,4.0,70
0.0,0.689,0.497,0.0251,0.221,0.0,0.108,0.543,4.0,70
0.0,0.476,0.659,0.0251,0.104,0.0,0.232,0.492,4.0,70
0.0,0.456,0.617,0.0273,0.0133,5.95e-05,0.116,0.3,4.0,70
0.0,0.289,0.43,0.0332,0.624,0.0,0.101,0.531,4.0,70
0.0,0.547,0.567,0.0242,0.276,0.000548,0.104,0.399,4.0,70
0.0,0.744,0.59,0.0394,0.612,0.0,0.0999,0.564,4.0,70
0.0,0.769,0.595,0.0416,0.0447,0.0,0.107,0.326,4.0,70
0.0,0.711,0.576,0.0574,0.287,0.0,0.0712,0.388,4.0,70
0.0,0.466,0.9,0.0447,0.000235,0.00104,0.103,0.561,4.0,71
0.0,0.556,0.864,0.0584,0.00958,0.0,0.209,0.4,4.0,71
1.0,0.15,0.859,0.0595,0.00201,0.194,0.387,0.354,5.0,71
0.0,0.496,0.863,0.0381,0.0046,0.0,0.639,0.243,4.0,71
1.0,0.454,0.91,0.0448,0.0866,0.0996,0.116,0.629,4.0,71
0.0,0.467,0.9,0.0451,0.000187,0.000493,0.105,0.554,4.0,71
0.0,0.467,0.9,0.0451,0.000187,0.000493,0.105,0.554,4.0,71
0.0,0.467,0.9,0.0451,0.000187,0.000493,0.105,0.554,4.0,71
0.0,0.467,0.9,0.0451,0.000187,0.000493,0.105,0.554,4.0,71
0.0,0.467,0.9,0.0451,0.000187,0.000493,0.105,0.554,4.0,71
0.0,0.459,0.878,0.0688,5.62e-05,0.000307,0.371,0.494,4.0,72
1.0,0.15,0.859,0.0595,0.00201,0.194,0.387,0.354,5.0,72
1.0,0.448,0.825,0.0621,0.00353,0.0,0.108,0.226,4.0,72
0.0,0.405,0.94,0.0844,0.000102,2.79e-05,0.719,0.24,4.0,72
0.0,0.54,0.661,0.0381,0.0765,0.0,0.125,0.506,4.0,72
0.0,0.408,0.875,0.0546,1.68e-05,0.000101,0.264,0.646,4.0,72
0.0,0.227,0.861,0.0628,0.000218,6.23e-06,0.155,0.143,1.0,72
0.0,0.175,0.995,0.211,0.000145,2.5e-06,0.214,0.303,4.0,72
1.0,0.355,0.919,0.356,0.00234,0.000313,0.262,0.259,4.0,72
1.0,0.434,0.929,0.147,0.000207,0.00109,0.0916,0.428,4.0,72
0.0,0.826,0.401,0.117,0.0154,0.795,0.0999,0.0561,4.0,73
0.0,0.709,0.528,0.0407,0.0458,0.896,0.128,0.113,4.0,73
0.0,0.794,0.307,0.0486,0.674,0.935,0.0954,0.171,4.0,73
0.0,0.679,0.707,0.04,0.00634,0.855,0.18,0.258,4.0,73
0.0,0.673,0.644,0.0552,0.0283,0.877,0.0834,0.173,4.0,73
0.0,0.461,0.526,0.0506,0.00142,0.861,0.108,0.0401,4.0,73
0.0,0.644,0.757,0.0388,0.0677,0.864,0.103,0.0462,4.0,73
0.0,0.669,0.619,0.0376,0.00122,0.817,0.0677,0.432,4.0,73
0.0,0.687,0.892,0.0613,0.205,0.814,0.0636,0.197,4.0,73
0.0,0.879,0.456,0.112,0.00551,0.865,0.0819,0.238,4.0,73
0.0,0.765,0.497,0.0402,0.492,0.366,0.143,0.457,4.0,74
0.0,0.72,0.422,0.069,0.474,0.0847,0.155,0.546,4.0,74
0.0,0.632,0.651,0.0401,0.756,3.99e-06,0.726,0.652,4.0,74
0.0,0.61,0.42,0.0462,0.815,0.0,0.123,0.553,4.0,74
0.0,0.58,0.33,0.0295,0.596,1.44e-06,0.0849,0.373,4.0,74
0.0,0.357,0.469,0.043,0.848,0.000239,0.924,0.263,4.0,74
0.0,0.819,0.438,0.303,0.378,0.0,0.37,0.809,4.0,74
0.0,0.581,0.721,0.0441,0.612,0.000358,0.648,0.67,4.0,74
0.0,0.492,0.794,0.046,0.196,2.62e-06,0.873,0.683,4.0,74
0.0,0.633,0.551,0.0427,0.00731,0.123,0.144,0.427,4.0,74
0.0,0.588,0.644,0.0338,0.0928,0.0472,0.092,0.49,4.0,75
0.0,0.605,0.532,0.0337,0.0919,0.000576,0.0762,0.139,4.0,75
0.0,0.303,0.178,0.0467,0.972,0.941,0.0836,0.218,4.0,75
0.0,0.611,0.429,0.0365,0.128,0.468,0.031,0.469,4.0,75
0.0,0.349,0.191,0.0463,0.992,0.936,0.132,0.0414,3.0,75
0.0,0.602,0.722,0.0352,0.0303,0.000208,0.299,0.469,4.0,75
0.0,0.607,0.478,0.0354,0.0866,0.106,0.0983,0.51,4.0,75
0.0,0.315,0.22,0.0514,0.987,0.943,0.0802,0.116,4.0,75
0.0,0.488,0.708,0.0407,0.17,0.272,0.222,0.431,4.0,75
0.0,0.556,0.762,0.0478,0.0225,0.61,0.362,0.332,4.0,75
0.0,0.25,0.136,0.037,0.673,0.000157,0.107,0.0981,4.0,76
0.0,0.327,0.279,0.0291,0.928,0.000144,0.12,0.15,5.0,76
0.0,0.235,0.27,0.0353,0.915,0.0106,0.0956,0.0588,3.0,76
0.0,0.358,0.233,0.0305,0.884,2.8e-06,0.0838,0.167,3.0,76
0.0,0.347,0.499,0.0344,0.756,0.0,0.183,0.345,4.0,76
0.0,0.168,0.306,0.0331,0.828,3.92e-06,0.0969,0.131,4.0,76
0.0,0.347,0.499,0.0344,0.756,0.0,0.183,0.345,4.0,76
0.0,0.15,0.106,0.0426,0.842,0.835,0.111,0.0553,1.0,76
0.0,0.456,0.281,0.0302,0.914,0.000586,0.115,0.259,4.0,76
0.0,0.168,0.306,0.0331,0.828,3.92e-06,0.0969,0.131,4.0,76
0.0,0.759,0.711,0.0384,0.0477,1.19e-06,0.143,0.436,4.0,77
0.0,0.759,0.711,0.0384,0.0477,1.19e-06,0.143,0.436,4.0,77
0.0,0.759,0.711,0.0384,0.0477,1.19e-06,0.143,0.436,4.0,77
0.0,0.594,0.874,0.0387,0.00166,0.0,0.148,0.646,4.0,77
0.0,0.813,0.733,0.0847,0.15,0.00186,0.0909,0.397,4.0,77
0.0,0.813,0.733,0.0847,0.15,0.00186,0.0909,0.397,4.0,77
0.0,0.813,0.733,0.0847,0.15,0.00186,0.0909,0.397,4.0,77
0.0,0.759,0.711,0.0384,0.0477,1.19e-06,0.143,0.436,4.0,77
0.0,0.759,0.711,0.0384,0.0477,1.19e-06,0.143,0.436,4.0,77
0.0,0.759,0.711,0.0384,0.0477,1.19e-06,0.143,0.436,4.0,77
0.0,0.702,0.839,0.0744,0.0232,0.000261,0.0932,0.348,1.0,78
0.0,0.666,0.942,0.0689,0.0307,0.0,0.246,0.832,4.0,78
0.0,0.442,0.922,0.0695,0.00134,0.0,0.432,0.388,4.0,78
0.0,0.607,0.958,0.0866,0.0412,0.0,0.259,0.404,4.0,78
0.0,0.635,0.996,0.069,0.0879,0.0,0.158,0.67,4.0,78
0.0,0.635,0.996,0.069,0.0879,0.0,0.158,0.67,4.0,78
0.0,0.442,0.922,0.0695,0.00134,0.0,0.432,0.388,4.0,78
0.0,0.547,0.813,0.314,0.0514,0.0,0.147,0.388,4.0,78
0.0,0.547,0.813,0.314,0.0514,0.0,0.147,0.388,4.0,78
0.0,0.666,0.942,0.0689,0.0307,0.0,0.246,0.832,4.0,78
0.0,0.704,0.797,0.0475,0.0826,0.000745,0.0546,0.825,4.0,79
0.0,0.629,0.547,0.055,0.72,0.00314,0.0604,0.197,4.0,79
0.0,0.664,0.705,0.0382,0.0654,0.0,0.118,0.477,4.0,79
0.0,0.704,0.797,0.0475,0.0826,0.000745,0.0546,0.825,4.0,79
0.0,0.704,0.797,0.0475,0.0826,0.000745,0.0546,0.825,4.0,79
0.0,0.704,0.797,0.0475,0.0826,0.000745,0.0546,0.825,4.0,79
0.0,0.704,0.797,0.0475,0.0826,0.000745,0.0546,0.825,4.0,79
0.0,0.704,0.797,0.0475,0.0826,0.000745,0.0546,0.825,4.0,79
0.0,0.685,0.699,0.0349,0.317,0.0,0.0895,0.884,4.0,79
0.0,0.697,0.875,0.034,0.137,0.0,0.28,0.774,4.0,79
0.0,0.514,0.73,0.0598,0.00146,9.54e-05,0.0897,0.334,4.0,80
0.0,0.535,0.765,0.0444,0.054,0.0,0.0921,0.373,4.0,80
0.0,0.86,0.541,0.0325,0.165,0.163,0.0663,0.952,4.0,80
1.0,0.733,0.69,0.0427,0.0635,1.18e-06,0.105,0.31,4.0,80
1.0,0.679,0.587,0.276,0.141,6.35e-06,0.137,0.486,4.0,80
0.0,0.796,0.572,0.0545,0.416,2.55e-05,0.0975,0.304,4.0,80
0.0,0.724,0.618,0.0534,0.0533,0.704,0.0886,0.0683,4.0,80
0.0,0.847,0.558,0.0663,0.325,0.0,0.135,0.495,4.0,80
0.0,0.662,0.4,0.0548,0.735,1.65e-05,0.0863,0.617,4.0,80
0.0,0.772,0.649,0.143,0.0724,0.0,0.0761,0.824,4.0,80
0.0,0.535,0.765,0.0444,0.054,0.0,0.0921,0.373,4.0,81
0.0,0.481,0.392,0.0246,0.478,0.0,0.122,0.257,4.0,81
0.0,0.662,0.4,0.0548,0.735,1.65e-05,0.0863,0.617,4.0,81
0.0,0.528,0.449,0.025,0.785,0.0,0.122,0.317,4.0,81
0.0,0.827,0.587,0.113,0.203,0.0,0.0727,0.774,4.0,81
0.0,0.417,0.433,0.0415,0.0726,0.0,0.123,0.207,4.0,81
0.0,0.663,0.478,0.185,0.095,0.0,0.0705,0.341,4.0,81
0.0,0.586,0.532,0.0328,0.779,0.000565,0.124,0.494,4.0,81
0.0,0.695,0.727,0.0323,0.0744,0.000175,0.533,0.864,4.0,81
0.0,0.382,0.632,0.0411,0.391,0.000486,0.0922,0.716,4.0,81
0.0,0.654,0.81,0.0288,0.00719,0.00251,0.165,0.661,4.0,82
0.0,0.643,0.849,0.0526,0.0371,0.0,0.058,0.903,4.0,82
0.0,0.658,0.773,0.0244,0.000901,0.0,0.194,0.66,4.0,82
0.0,0.635,0.551,0.0354,0.00743,1.82e-05,0.07,0.451,4.0,82
0.0,0.196,0.93,0.0519,0.0116,0.00214,0.105,0.566,4.0,82
0.0,0.658,0.773,0.0244,0.000901,0.0,0.194,0.66,4.0,82
0.0,0.635,0.551,0.0354,0.00743,1.82e-05,0.07,0.451,4.0,82
0.0,0.532,0.842,0.0403,0.00131,1.2e-06,0.33,0.715,4.0,82
0.0,0.516,0.818,0.0393,0.00701,0.0,0.337,0.769,4.0,82
0.0,0.555,0.921,0.0369,0.00264,0.000205,0.117,0.775,4.0,82
0.0,0.631,0.927,0.0332,0.199,0.119,0.148,0.465,4.0,83
0.0,0.52,0.761,0.0853,0.256,4.96e-06,0.17,0.286,4.0,83
0.0,0.721,0.738,0.0403,0.00226,4.41e-06,0.118,0.637,4.0,83
0.0,0.687,0.792,0.0452,0.191,0.0,0.167,0.671,4.0,83
0.0,0.912,0.774,0.0455,0.121,0.0127,0.101,0.632,4.0,83
0.0,0.587,0.963,0.0552,0.0656,0.0,0.27,0.491,4.0,83
0.0,0.63,0.633,0.0457,0.00776,0.0,0.0541,0.452,4.0,83
0.0,0.611,0.644,0.0553,0.124,0.0,0.124,0.13,4.0,83
1.0,0.676,0.857,0.0391,0.00149,0.674,0.307,0.0378,4.0,83
0.0,0.612,0.84,0.0509,0.112,0.0,0.116,0.438,4.0,83
0.0,0.546,0.465,0.0287,0.153,0.00259,0.321,0.415,4.0,84
0.0,0.481,0.262,0.0414,0.735,0.0114,0.832,0.375,4.0,84
0.0,0.472,0.366,0.0286,0.15,0.312,0.0837,0.171,4.0,84
0.0,0.557,0.54,0.0347,0.0339,0.00248,0.179,0.394,4.0,84
0.0,0.354,0.731,0.0382,0.0812,0.00124,0.115,0.697,4.0,84
0.0,0.524,0.487,0.0299,0.253,0.0,0.0579,0.482,4.0,84
0.0,0.398,0.546,0.0354,0.365,0.00012,0.125,0.353,4.0,84
0.0,0.426,0.473,0.0335,0.353,0.0,0.0234,0.937,4.0,84
0.0,0.374,0.728,0.036,0.718,0.0,0.114,0.677,4.0,84
0.0,0.602,0.553,0.0328,0.108,0.0,0.0512,0.971,4.0,84
0.0,0.345,0.941,0.0466,3.84e-05,0.633,0.0511,0.407,4.0,85
0.0,0.636,0.676,0.0263,0.0807,0.0,0.0831,0.273,4.0,85
1.0,0.496,0.682,0.0294,0.00552,2.94e-05,0.0589,0.474,4.0,85
0.0,0.26,0.719,0.0364,0.048,0.0,0.454,0.419,4.0,85
0.0,0.546,0.814,0.0314,0.023,0.0,0.0972,0.146,4.0,85
0.0,0.652,0.766,0.0345,0.000761,6.34e-06,0.0739,0.641,4.0,85
0.0,0.512,0.526,0.0251,0.0724,0.0,0.0675,0.249,4.0,85
0.0,0.459,0.858,0.0626,0.0506,0.0,0.184,0.855,4.0,85
0.0,0.363,0.67,0.0552,0.000582,0.548,0.317,0.198,4.0,85
0.0,0.606,0.893,0.0987,0.154,4.18e-05,0.021,0.671,4.0,85
0.0,0.636,0.676,0.0263,0.0807,0.0,0.0831,0.273,4.0,86
0.0,0.512,0.526,0.0251,0.0724,0.0,0.0675,0.249,4.0,86
1.0,0.409,0.99,0.115,0.02,0.0,0.513,0.962,4.0,86
0.0,0.347,0.942,0.0913,0.00196,0.0,0.338,0.66,4.0,86
1.0,0.532,0.969,0.0581,2.41e-05,0.0265,0.0912,0.547,4.0,86
1.0,0.532,0.969,0.0581,2.41e-05,0.0265,0.0912,0.547,4.0,86
0.0,0.652,0.766,0.0345,0.000761,6.34e-06,0.0739,0.641,4.0,86
0.0,0.574,0.966,0.0685,0.0141,0.0,0.43,0.788,4.0,86
0.0,0.574,0.966,0.0685,0.0141,0.0,0.43,0.788,4.0,86
1.0,0.409,0.99,0.115,0.02,0.0,0.513,0.962,4.0,86
1.0,0.907,0.393,0.0539,0.451,1.35e-06,0.135,0.202,4.0,87
1.0,0.857,0.427,0.112,0.281,0.0,0.108,0.366,4.0,87
0.0,0.65,0.306,0.0393,0.57,7.07e-06,0.0707,0.605,4.0,87
0.0,0.547,0.335,0.0307,0.747,0.0,0.101,0.474,3.0,87
0.0,0.629,0.547,0.055,0.72,0.00314,0.0604,0.197,4.0,87
1.0,0.567,0.515,0.247,0.354,0.0,0.078,0.321,1.0,87
1.0,0.684,0.545,0.121,0.159,0.0,0.102,0.407,4.0,87
0.0,0.522,0.914,0.0379,0.000164,0.847,0.24,0.0364,3.0,87
1.0,0.829,0.512,0.187,0.492,0.0,0.12,0.638,4.0,87
1.0,0.808,0.582,0.338,0.827,0.0,0.111,0.675,4.0,87
0.0,0.876,0.673,0.139,0.0524,0.00571,0.0813,0.462,4.0,88
1.0,0.709,0.56,0.171,0.034,0.0,0.315,0.541,4.0,88
0.0,0.735,0.674,0.124,0.18,0.0,0.108,0.561,4.0,88
1.0,0.709,0.56,0.171,0.034,0.0,0.315,0.541,4.0,88
0.0,0.647,0.801,0.249,0.0451,0.0,0.0628,0.517,4.0,88
0.0,0.705,0.562,0.0674,0.257,0.0,0.137,0.569,4.0,88
1.0,0.709,0.56,0.171,0.034,0.0,0.315,0.541,4.0,88
1.0,0.709,0.56,0.171,0.034,0.0,0.315,0.541,4.0,88
0.0,0.705,0.562,0.0674,0.257,0.0,0.137,0.569,4.0,88
0.0,0.705,0.562,0.0674,0.257,0.0,0.137,0.569,4.0,88
1.0,0.709,0.56,0.171,0.034,0.0,0.315,0.541,4.0,89
0.0,0.647,0.801,0.249,0.0451,0.0,0.0628,0.517,4.0,89
0.0,0.735,0.674,0.124,0.18,0.0,0.108,0.561,4.0,89
0.0,0.705,0.562,0.0674,0.257,0.0,0.137,0.569,4.0,89
0.0,0.705,0.562,0.0674,0.257,0.0,0.137,0.569,4.0,89
1.0,0.709,0.56,0.171,0.034,0.0,0.315,0.541,4.0,89
0.0,0.705,0.562,0.0674,0.257,0.0,0.137,0.569,4.0,89
1.0,0.709,0.56,0.171,0.034,0.0,0.315,0.541,4.0,89
0.0,0.741,0.582,0.281,0.291,0.000101,0.152,0.713,4.0,89
0.0,0.865,0.573,0.0678,0.0863,0.0,0.305,0.563,4.0,89
0.0,0.572,0.839,0.0377,0.013,0.00976,0.522,0.465,4.0,90
0.0,0.464,0.417,0.0256,0.136,0.022,0.0974,0.479,4.0,90
0.0,0.612,0.807,0.0336,0.0495,0.0177,0.101,0.398,4.0,90
0.0,0.704,0.797,0.0475,0.0826,0.000745,0.0546,0.825,4.0,90
0.0,0.78,0.46,0.0851,0.455,0.000141,0.061,0.788,4.0,90
0.0,0.671,0.673,0.0444,0.148,5.29e-05,0.304,0.494,4.0,90
0.0,0.606,0.799,0.0261,0.0128,0.0,0.15,0.638,4.0,90
0.0,0.512,0.695,0.0271,0.0265,0.00815,0.146,0.351,4.0,90
0.0,0.421,0.407,0.0267,0.309,0.000961,0.11,0.161,3.0,90
0.0,0.629,0.547,0.055,0.72,0.00314,0.0604,0.197,4.0,90
0.0,0.396,0.293,0.0275,0.941,0.000196,0.105,0.343,3.0,91
0.0,0.65,0.306,0.0393,0.57,7.07e-06,0.0707,0.605,4.0,91
0.0,0.547,0.335,0.0307,0.747,0.0,0.101,0.474,3.0,91
0.0,0.339,0.208,0.0308,0.396,0.000519,0.18,0.288,3.0,91
0.0,0.623,0.537,0.0726,0.332,1.4e-05,0.0963,0.905,4.0,91
0.0,0.487,0.382,0.0309,0.0422,4.74e-06,0.411,0.714,4.0,91
0.0,0.65,0.307,0.0393,0.57,7.07e-06,0.0707,0.604,4.0,91
0.0,0.506,0.475,0.0324,0.83,0.00411,0.124,0.596,4.0,91
0.0,0.647,0.876,0.185,0.881,3.59e-05,0.26,0.949,4.0,91
0.0,0.647,0.876,0.185,0.881,3.59e-05,0.26,0.949,4.0,91
0.0,0.396,0.293,0.0275,0.941,0.000196,0.105,0.343,3.0,92
0.0,0.339,0.208,0.0308,0.396,0.000519,0.18,0.288,3.0,92
0.0,0.358,0.387,0.0324,0.746,0.0121,0.119,0.495,4.0,92
0.0,0.534,0.803,0.0743,0.741,6.07e-05,0.307,0.969,4.0,92
0.0,0.619,0.603,0.0342,0.712,0.0,0.0721,0.958,4.0,92
0.0,0.487,0.382,0.0309,0.0422,4.74e-06,0.411,0.714,4.0,92
0.0,0.623,0.537,0.0726,0.332,1.4e-05,0.0963,0.905,4.0,92
0.0,0.506,0.475,0.0324,0.83,0.00411,0.124,0.596,4.0,92
0.0,0.647,0.876,0.185,0.881,3.59e-05,0.26,0.949,4.0,92
0.0,0.647,0.876,0.185,0.881,3.59e-05,0.26,0.949,4.0,92
0.0,0.342,0.321,0.0302,0.649,0.000521,0.194,0.185,4.0,93
0.0,0.665,0.315,0.0297,0.577,4.84e-06,0.364,0.544,4.0,93
0.0,0.334,0.245,0.0319,0.872,0.0,0.0964,0.205,3.0,93
0.0,0.503,0.613,0.0299,0.216,0.00178,0.0672,0.523,4.0,93
0.0,0.53,0.251,0.0532,0.897,5.2e-05,0.247,0.666,4.0,93
0.0,0.67,0.157,0.0928,0.347,0.00342,0.0969,0.437,4.0,93
0.0,0.665,0.315,0.0297,0.577,4.84e-06,0.364,0.544,4.0,93
0.0,0.728,0.771,0.238,0.702,0.0,0.903,0.905,4.0,93
0.0,0.445,0.211,0.0577,0.93,0.0,0.116,0.214,3.0,93
0.0,0.545,0.0918,0.0475,0.992,0.000357,0.673,0.419,4.0,93
0.0,0.726,0.431,0.135,0.731,0.0,0.696,0.348,4.0,94
0.0,0.498,0.235,0.188,0.72,0.0,0.144,0.0895,4.0,94
1.0,0.624,0.499,0.0495,0.82,0.0,0.12,0.298,4.0,94
0.0,0.845,0.398,0.268,0.872,0.00713,0.159,0.482,4.0,94
0.0,0.835,0.381,0.342,0.757,4.59e-06,0.121,0.31,4.0,94
1.0,0.639,0.446,0.0378,0.295,0.0,0.181,0.363,4.0,94
1.0,0.98,0.413,0.101,0.671,7.95e-05,0.17,0.764,4.0,94
1.0,0.819,0.35,0.062,0.0585,0.243,0.109,0.118,4.0,94
0.0,0.543,0.206,0.0319,0.94,0.453,0.385,0.13,3.0,94
0.0,0.732,0.304,0.111,0.747,6.13e-05,0.143,0.185,4.0,94
0.0,0.823,0.779,0.0492,0.201,0.00019,0.175,0.96,4.0,95
0.0,0.545,0.89,0.0868,0.546,0.0,0.139,0.891,4.0,95
0.0,0.591,0.837,0.0486,0.495,0.0,0.179,0.928,4.0,95
0.0,0.474,0.879,0.115,0.633,0.0,0.16,0.671,4.0,95
0.0,0.775,0.728,0.0481,0.283,0.0,0.253,0.707,4.0,95
0.0,0.607,0.785,0.0372,0.654,0.0,0.104,0.901,4.0,95
0.0,0.823,0.779,0.0492,0.201,0.00019,0.175,0.96,4.0,95
0.0,0.591,0.837,0.0486,0.495,0.0,0.179,0.928,4.0,95
0.0,0.823,0.779,0.0492,0.201,0.00019,0.175,0.96,4.0,95
0.0,0.823,0.779,0.0492,0.201,0.00019,0.175,0.96,4.0,95
0.0,0.735,0.866,0.122,0.256,0.0,0.336,0.8,4.0,96
0.0,0.59,0.84,0.131,0.0147,0.0,0.092,0.636,4.0,96
0.0,0.598,0.651,0.111,0.0242,0.0,0.195,0.704,4.0,96
0.0,0.618,0.873,0.0684,0.0295,0.000107,0.191,0.85,4.0,96
0.0,0.43,0.998,0.392,0.29,1.16e-06,0.165,0.363,3.0,96
0.0,0.552,0.35,0.0245,0.799,0.0,0.121,0.237,4.0,96
0.0,0.402,0.949,0.203,0.0763,1.25e-06,0.0541,0.641,4.0,96
0.0,0.654,0.69,0.117,0.482,6.57e-05,0.0536,0.626,4.0,96
0.0,0.502,0.49,0.068,0.641,5.66e-05,0.76,0.708,4.0,96
0.0,0.665,0.618,0.0326,0.503,0.0,0.131,0.926,4.0,96
0.0,0.614,0.437,0.0366,0.656,0.0,0.681,0.773,4.0,97
0.0,0.667,0.647,0.0381,0.524,0.0,0.0613,0.962,4.0,97
0.0,0.31,0.73,0.0501,0.416,3.9e-06,0.876,0.583,4.0,97
0.0,0.652,0.897,0.0517,0.781,0.00017,0.152,0.776,4.0,97
0.0,0.617,0.671,0.0988,0.505,0.0,0.522,0.72,4.0,97
0.0,0.599,0.664,0.0408,0.827,0.0,0.293,0.452,4.0,97
0.0,0.582,0.891,0.0947,0.538,0.0,0.378,0.661,3.0,97
0.0,0.624,0.938,0.0644,0.129,0.0,0.327,0.836,4.0,97
0.0,0.475,0.686,0.0405,0.762,0.0,0.127,0.509,4.0,97
0.0,0.569,0.785,0.0874,0.0481,0.0,0.606,0.484,4.0,97
0.0,0.277,0.394,0.0336,0.423,0.0,0.0952,0.227,3.0,98
0.0,0.395,0.375,0.034,0.225,0.0,0.145,0.131,4.0,98
0.0,0.321,0.429,0.0302,0.724,9.1e-05,0.0606,0.174,4.0,98
0.0,0.684,0.619,0.0386,0.0716,0.0,0.122,0.284,4.0,98
0.0,0.684,0.619,0.0386,0.0716,0.0,0.122,0.284,4.0,98
0.0,0.265,0.312,0.0569,0.243,0.0,0.0893,0.0998,3.0,98
0.0,0.323,0.405,0.0413,0.849,0.000544,0.138,0.274,5.0,98
0.0,0.543,0.485,0.0305,0.558,0.0,0.12,0.371,4.0,98
0.0,0.571,0.307,0.0499,0.649,0.0,0.178,0.108,4.0,98
0.0,0.408,0.313,0.137,0.617,1.18e-05,0.115,0.725,4.0,98
0.0,0.539,0.508,0.0288,0.727,0.0,0.174,0.227,3.0,99
0.0,0.6,0.294,0.0292,0.871,8.66e-05,0.102,0.342,4.0,99
0.0,0.551,0.55,0.0286,0.777,0.0,0.202,0.342,3.0,99
0.0,0.422,0.34,0.0351,0.877,1.77e-05,0.149,0.223,4.0,99
0.0,0.362,0.763,0.0589,0.015,0.00481,0.237,0.431,4.0,99
0.0,0.509,0.477,0.0262,0.309,0.0168,0.158,0.283,3.0,99
0.0,0.558,0.497,0.0256,0.0285,5.36e-06,0.0799,0.444,4.0,99
0.0,0.776,0.477,0.0308,0.592,0.000184,0.105,0.774,4.0,99
0.0,0.346,0.5,0.0388,0.757,0.0,0.189,0.191,3.0,99
0.0,0.62,0.111,0.0355,0.896,0.00135,0.113,0.477,5.0,99
1.0,0.55,0.917,0.0638,0.00428,0.0,0.197,0.601,4.0,100
0.0,0.665,0.751,0.041,0.0209,5.16e-06,0.121,0.58,4.0,100
0.0,0.286,0.929,0.091,0.00231,0.00074,0.0946,0.127,4.0,100
0.0,0.706,0.474,0.0598,0.242,0.0,0.0789,0.545,4.0,100
0.0,0.286,0.929,0.091,0.00231,0.00074,0.0946,0.127,4.0,100
0.0,0.411,0.897,0.0629,0.00312,0.00921,0.939,0.668,4.0,100
0.0,0.286,0.929,0.091,0.00231,0.00074,0.0946,0.127,4.0,100
0.0,0.286,0.929,0.091,0.00231,0.00074,0.0946,0.127,4.0,100
0.0,0.286,0.929,0.091,0.00231,0.00074,0.0946,0.127,4.0,100
0.0,0.676,0.67,0.051,0.00565,0.00676,0.0805,0.725,4.0,100
0.0,0.111,0.0185,0.0424,0.957,0.94,0.087,0.0459,3.0,101
0.0,0.0685,0.00342,0.0418,0.99,0.91,0.106,0.0581,1.0,101
0.0,0.102,0.0333,0.0476,0.797,0.927,0.111,0.0591,4.0,101
0.0,0.24,0.0119,0.076,0.995,0.828,0.103,0.0358,4.0,101
0.0,0.135,0.000804,0.0507,0.968,0.728,0.108,0.0346,5.0,101
0.0,0.199,0.0459,0.0496,0.994,0.988,0.109,0.0348,5.0,101
0.0,0.199,0.0459,0.0496,0.994,0.988,0.109,0.0348,5.0,101
0.0,0.205,0.005,0.0944,0.988,0.941,0.128,0.0328,4.0,101
0.0,0.209,0.0951,0.0631,0.816,0.972,0.101,0.0328,4.0,101
0.0,0.334,0.265,0.0343,0.855,0.833,0.125,0.0319,4.0,101
0.0,0.539,0.508,0.0288,0.727,0.0,0.174,0.227,3.0,102
0.0,0.6,0.294,0.0292,0.871,8.66e-05,0.102,0.342,4.0,102
0.0,0.551,0.55,0.0286,0.777,0.0,0.202,0.342,3.0,102
0.0,0.422,0.34,0.0351,0.877,1.77e-05,0.149,0.223,4.0,102
0.0,0.509,0.477,0.0262,0.309,0.0168,0.158,0.283,3.0,102
0.0,0.362,0.763,0.0589,0.015,0.00481,0.237,0.431,4.0,102
0.0,0.558,0.497,0.0256,0.0285,5.36e-06,0.0799,0.444,4.0,102
0.0,0.346,0.5,0.0388,0.757,0.0,0.189,0.191,3.0,102
0.0,0.62,0.111,0.0355,0.896,0.00135,0.113,0.477,5.0,102
0.0,0.776,0.477,0.0308,0.592,0.000184,0.105,0.774,4.0,102
1.0,0.551,0.561,0.0559,0.509,0.367,0.369,0.207,4.0,103
0.0,0.813,0.415,0.0349,0.777,0.0,0.131,0.667,4.0,103
0.0,0.603,0.67,0.0249,0.00408,1.68e-06,0.112,0.446,4.0,103
0.0,0.604,0.366,0.0282,0.578,0.0,0.133,0.13,4.0,103
1.0,0.767,0.593,0.0413,0.0324,4.5e-06,0.0878,0.579,4.0,103
0.0,0.556,0.319,0.0281,0.893,0.0,0.0996,0.294,4.0,103
0.0,0.813,0.415,0.0349,0.777,0.0,0.131,0.667,4.0,103
0.0,0.422,0.264,0.0322,0.922,0.0,0.132,0.331,4.0,103
0.0,0.566,0.885,0.0818,0.0958,9.97e-05,0.334,0.304,4.0,103
1.0,0.73,0.769,0.0298,0.138,0.0,0.0473,0.507,4.0,103
0.0,0.427,0.647,0.0353,0.102,2.13e-06,0.133,0.298,4.0,104
0.0,0.795,0.854,0.0444,0.162,1.21e-06,0.0923,0.549,4.0,104
0.0,0.795,0.854,0.0444,0.162,1.21e-06,0.0923,0.549,4.0,104
0.0,0.48,0.572,0.0412,0.169,0.0,0.0711,0.452,4.0,104
0.0,0.795,0.854,0.0444,0.162,1.21e-06,0.0923,0.549,4.0,104
0.0,0.796,0.646,0.158,0.0744,0.0,0.127,0.663,4.0,104
0.0,0.394,0.508,0.0326,0.795,3.87e-06,0.0627,0.167,4.0,104
0.0,0.559,0.472,0.0299,0.583,0.0,0.146,0.305,4.0,104
0.0,0.781,0.645,0.0399,0.0903,1.58e-06,0.226,0.803,4.0,104
0.0,0.795,0.854,0.0444,0.162,1.21e-06,0.0923,0.549,4.0,104
0.0,0.657,0.717,0.199,0.751,0.878,0.174,0.401,4.0,105
0.0,0.67,0.371,0.141,0.57,0.891,0.127,0.1,3.0,105
0.0,0.736,0.41,0.0528,0.0361,0.854,0.38,0.587,3.0,105
0.0,0.797,0.263,0.106,0.576,0.786,0.918,0.379,4.0,105
0.0,0.496,0.198,0.323,0.947,0.885,0.0933,0.341,4.0,105
0.0,0.689,0.362,0.04,0.825,0.454,0.113,0.564,4.0,105
0.0,0.733,0.301,0.12,0.919,0.784,0.368,0.744,4.0,105
0.0,0.737,0.161,0.11,0.909,0.941,0.121,0.169,4.0,105
0.0,0.704,0.329,0.0636,0.4,0.828,0.124,0.597,4.0,105
0.0,0.726,0.369,0.049,0.841,0.84,0.138,0.726,4.0,105
1.0,0.789,0.534,0.0709,0.323,3.42e-06,0.0645,0.631,4.0,106
0.0,0.733,0.65,0.0315,0.0703,6.59e-05,0.0829,0.348,4.0,106
0.0,0.694,0.712,0.046,0.132,0.0,0.211,0.799,4.0,106
0.0,0.749,0.491,0.0403,0.02,0.00899,0.159,0.536,4.0,106
1.0,0.797,0.44,0.0594,0.471,1.57e-06,0.0849,0.436,4.0,106
0.0,0.713,0.452,0.0295,0.841,0.0038,0.105,0.235,4.0,106
0.0,0.639,0.728,0.0301,0.0223,0.00384,0.68,0.0996,4.0,106
0.0,0.719,0.922,0.0338,0.523,0.000163,0.0867,0.964,4.0,106
0.0,0.479,0.609,0.133,0.499,0.0,0.144,0.74,3.0,106
1.0,0.499,0.596,0.143,0.261,0.0,0.109,0.446,5.0,106
0.0,0.733,0.65,0.0315,0.0703,6.59e-05,0.0829,0.348,4.0,107
0.0,0.645,0.795,0.0527,0.347,0.00389,0.104,0.535,4.0,107
0.0,0.733,0.65,0.0315,0.0703,6.59e-05,0.0829,0.348,4.0,107
1.0,0.736,0.761,0.0338,0.0966,0.0,0.0823,0.114,4.0,107
0.0,0.625,0.726,0.0444,0.0158,0.000169,0.0625,0.507,4.0,107
0.0,0.724,0.684,0.0342,0.00134,0.000441,0.151,0.163,4.0,107
0.0,0.735,0.478,0.0293,0.189,2.48e-06,0.355,0.947,4.0,107
0.0,0.816,0.8,0.0733,0.0283,6.03e-05,0.129,0.534,4.0,107
0.0,0.692,0.711,0.0317,0.225,0.0,0.12,0.875,4.0,107
0.0,0.62,0.573,0.0423,0.271,0.0,0.0607,0.897,4.0,107
0.0,0.525,0.412,0.06,0.996,0.00826,0.404,0.672,3.0,108
0.0,0.435,0.349,0.0598,0.875,0.0104,0.367,0.488,4.0,108
0.0,0.423,0.301,0.263,0.928,4.89e-06,0.212,0.389,3.0,108
0.0,0.479,0.218,0.0406,0.981,0.939,0.229,0.55,4.0,108
0.0,0.383,0.251,0.0442,0.826,0.0,0.115,0.14,4.0,108
0.0,0.678,0.173,0.05,0.992,0.00358,0.809,0.647,4.0,108
0.0,0.431,0.458,0.0592,0.961,4.42e-06,0.4,0.453,4.0,108
0.0,0.375,0.655,0.0608,0.924,0.0,0.2,0.469,3.0,108
0.0,0.434,0.628,0.36,0.815,0.0,0.862,0.51,3.0,108
0.0,0.713,0.415,0.0459,0.913,0.966,0.0786,0.793,4.0,108
1.0,0.658,0.671,0.0363,0.0933,0.000927,0.115,0.166,4.0,109
0.0,0.686,0.718,0.0431,0.00637,0.000703,0.119,0.557,4.0,109
0.0,0.631,0.644,0.0348,0.341,0.000411,0.0877,0.861,4.0,109
0.0,0.69,0.622,0.0622,0.253,0.0,0.116,0.544,4.0,109
1.0,0.693,0.564,0.0378,0.399,0.0,0.0409,0.574,3.0,109
0.0,0.826,0.401,0.117,0.0154,0.795,0.0999,0.0561,4.0,109
0.0,0.687,0.61,0.0499,0.351,0.0,0.175,0.649,4.0,109
0.0,0.753,0.657,0.0449,0.171,0.0,0.112,0.437,4.0,109
0.0,0.741,0.474,0.0383,0.0392,0.411,0.0946,0.174,4.0,109
0.0,0.718,0.926,0.0494,0.027,1.76e-05,0.0513,0.54,4.0,109
0.0,0.798,0.62,0.232,0.414,0.0192,0.112,0.235,4.0,110
0.0,0.592,0.911,0.0659,0.00608,0.0123,0.223,0.211,3.0,110
0.0,0.539,0.938,0.0639,0.00656,0.464,0.103,0.318,4.0,110
0.0,0.669,0.784,0.112,0.194,6.28e-06,0.115,0.517,4.0,110
1.0,0.77,0.787,0.0583,0.198,0.0,0.262,0.513,4.0,110
0.0,0.754,0.763,0.0435,0.0301,2.23e-05,0.0901,0.464,4.0,110
0.0,0.748,0.841,0.177,0.00445,1.33e-06,0.0413,0.717,4.0,110
0.0,0.555,0.948,0.132,0.00825,0.738,0.134,0.101,4.0,110
0.0,0.614,0.755,0.0584,0.00819,0.652,0.268,0.182,4.0,110
0.0,0.748,0.841,0.177,0.00445,1.33e-06,0.0413,0.717,4.0,110
0.0,0.51,0.434,0.0361,0.177,0.516,0.0603,0.207,4.0,111
1.0,0.617,0.696,0.0951,0.181,0.000316,0.0714,0.714,4.0,111
0.0,0.392,0.802,0.0418,0.076,0.00908,0.0925,0.101,4.0,111
0.0,0.641,0.943,0.264,0.0351,0.000259,0.328,0.718,4.0,111
0.0,0.529,0.623,0.0367,0.0597,0.187,0.084,0.735,4.0,111
1.0,0.616,0.717,0.11,0.194,9.81e-05,0.0731,0.72,4.0,111
0.0,0.529,0.739,0.0718,0.0237,0.607,0.171,0.138,4.0,111
0.0,0.655,0.499,0.0433,0.569,0.763,0.111,0.255,4.0,111
0.0,0.699,0.909,0.236,0.13,0.000195,0.34,0.691,4.0,111
0.0,0.598,0.964,0.0523,0.0444,0.654,0.234,0.115,4.0,111
0.0,0.598,0.439,0.0429,0.0879,0.868,0.103,0.0673,4.0,112
1.0,0.802,0.592,0.12,0.629,0.0058,0.09,0.665,4.0,112
0.0,0.59,0.46,0.0271,0.0396,0.121,0.134,0.0392,4.0,112
0.0,0.58,0.525,0.0363,0.00695,0.0509,0.0759,0.0925,4.0,112
1.0,0.795,0.874,0.0506,0.0812,0.0906,0.065,0.2,4.0,112
1.0,0.966,0.582,0.0837,0.138,1.92e-05,0.112,0.186,4.0,112
0.0,0.42,0.681,0.176,0.0768,0.00016,0.171,0.0898,4.0,112
1.0,0.802,0.592,0.12,0.629,0.0058,0.09,0.665,4.0,112
0.0,0.771,0.826,0.0604,0.142,0.03,0.145,0.185,4.0,112
0.0,0.629,0.679,0.0581,0.022,0.0518,0.371,0.0989,4.0,112
0.0,0.417,0.499,0.0296,0.212,0.0,0.112,0.144,4.0,113
0.0,0.431,0.485,0.0274,0.452,0.0,0.544,0.367,4.0,113
0.0,0.572,0.685,0.0356,0.0291,0.0,0.0963,0.232,4.0,113
0.0,0.37,0.119,0.0392,0.953,1.97e-06,0.099,0.183,4.0,113
0.0,0.468,0.655,0.0296,0.0149,0.0,0.104,0.222,4.0,113
0.0,0.509,0.778,0.0295,0.00998,0.0,0.19,0.216,4.0,113
0.0,0.378,0.596,0.0323,0.0182,1.14e-05,0.144,0.172,3.0,113
0.0,0.377,0.644,0.0404,0.0041,0.0,0.089,0.299,3.0,113
0.0,0.597,0.417,0.0502,0.395,8.35e-06,0.128,0.263,4.0,113
0.0,0.379,0.489,0.0281,0.293,8.83e-06,0.721,0.0871,4.0,113
